income,1st digit,2nd digit,3rd digit
104000,1,10,104
180000,1,18,180
105683,1,10,105
75000,7,75,750
97000,9,97,970
60000,6,60,600
252000,2,25,252
76843,7,76,768
400000,4,40,400
41340,4,41,413
26000,2,26,260
150000,1,15,150
75000,7,75,750
80000,8,80,800
35000,3,35,350
79588,7,79,795
68895,6,68,688
100000,1,10,100
91148,9,91,911
27000,2,27,270
93075,9,93,930
100000,1,10,100
36444,3,36,364
55000,5,55,550
85000,8,85,850
421500,4,42,421
258000,2,25,258
67000,6,67,670
100000,1,10,100
85000,8,85,850
107145,1,10,107
83000,8,83,830
56765,5,56,567
350000,3,35,350
85082,8,85,850
37000,3,37,370
189001,1,18,189
83000,8,83,830
160000,1,16,160
120000,1,12,120
148044,1,14,148
85000,8,85,850
1300000,1,13,130
269616,2,26,269
845750,8,84,845
106215,1,10,106
68000,6,68,680
120000,1,12,120
300000,3,30,300
158775,1,15,158
185000,1,18,185
300000,3,30,300
131400,1,13,131
162060,1,16,162
235000,2,23,235
76650,7,76,766
142224,1,14,142
180000,1,18,180
108000,1,10,108
84500,8,84,845
100000,1,10,100
100000,1,10,100
154000,1,15,154
90745,9,90,907
12000,1,12,120
100000,1,10,100
100000,1,10,100
100000,1,10,100
398515,3,39,398
100000,1,10,100
70000,7,70,700
160000,1,16,160
200000,2,20,200
57000,5,57,570
204010,2,20,204
75000,7,75,750
33312,3,33,333
160600,1,16,160
112097,1,11,112
120000,1,12,120
876000,8,87,876
120450,1,12,120
100000,1,10,100
50228,5,50,502
80000,8,80,800
20000,2,20,200
75000,7,75,750
139300,1,13,139
170000,1,17,170
100000,1,10,100
160000,1,16,160
180000,1,18,180
7800,7,78,780
100000,1,10,100
185000,1,18,185
205000,2,20,205
100000,1,10,100
175000,1,17,175
158000,1,15,158
82000,8,82,820
162238,1,16,162
202575,2,20,202
95000,9,95,950
35437,3,35,354
100000,1,10,100
350000,3,35,350
49275,4,49,492
10000,1,10,100
150000,1,15,150
159600,1,15,159
88000,8,88,880
100000,1,10,100
115000,1,11,115
96304,9,96,963
132484,1,13,132
4500,4,45,450
65000,6,65,650
130000,1,13,130
125000,1,12,125
219000,2,21,219
79000,7,79,790
185000,1,18,185
220000,2,22,220
230000,2,23,230
178000,1,17,178
54587,5,54,545
94170,9,94,941
70000,7,70,700
180000,1,18,180
153300,1,15,153
120000,1,12,120
79000,7,79,790
140000,1,14,140
170000,1,17,170
60000,6,60,600
160000,1,16,160
200000,2,20,200
65000,6,65,650
136125,1,13,136
104025,1,10,104
35000,3,35,350
128115,1,12,128
93000,9,93,930
367562,3,36,367
80000,8,80,800
52137,5,52,521
100000,1,10,100
272239,2,27,272
72000,7,72,720
50000,5,50,500
100000,1,10,100
52600,5,52,526
195000,1,19,195
220000,2,22,220
120000,1,12,120
79497,7,79,794
100000,1,10,100
250000,2,25,250
20000,2,20,200
150000,1,15,150
220000,2,22,220
325000,3,32,325
90000,9,90,900
100000,1,10,100
61320,6,61,613
64600,6,64,646
131400,1,13,131
100000,1,10,100
179000,1,17,179
60000,6,60,600
55000,5,55,550
74460,7,74,744
500000,5,50,500
600000,6,60,600
48000,4,48,480
125000,1,12,125
25000,2,25,250
75000,7,75,750
72000,7,72,720
180000,1,18,180
95000,9,95,950
68500,6,68,685
187000,1,18,187
130000,1,13,130
118434,1,11,118
72500,7,72,725
128000,1,12,128
50000,5,50,500
48000,4,48,480
55000,5,55,550
10000,1,10,100
74460,7,74,744
83402,8,83,834
104500,1,10,104
100000,1,10,100
140000,1,14,140
90000,9,90,900
40000,4,40,400
170000,1,17,170
115775,1,11,115
242000,2,24,242
50837,5,50,508
88600,8,88,886
70656,7,70,706
144000,1,14,144
100000,1,10,100
98550,9,98,985
225000,2,22,225
100000,1,10,100
100000,1,10,100
100000,1,10,100
110000,1,11,110
110000,1,11,110
40000,4,40,400
116104,1,11,116
120000,1,12,120
100000,1,10,100
270000,2,27,270
272950,2,27,272
12000,1,12,120
45000,4,45,450
100000,1,10,100
461000,4,46,461
337000,3,33,337
180000,1,18,180
125000,1,12,125
85000,8,85,850
142350,1,14,142
100000,1,10,100
50000,5,50,500
200000,2,20,200
200000,2,20,200
74965,7,74,749
80000,8,80,800
68362,6,68,683
100000,1,10,100
65000,6,65,650
80000,8,80,800
205200,2,20,205
37362,3,37,373
196400,1,19,196
65700,6,65,657
91000,9,91,910
250000,2,25,250
108000,1,10,108
147000,1,14,147
101486,1,10,101
75000,7,75,750
80000,8,80,800
88000,8,88,880
82125,8,82,821
200000,2,20,200
30000,3,30,300
120000,1,12,120
200000,2,20,200
100000,1,10,100
115713,1,11,115
20000,2,20,200
500000,5,50,500
100000,1,10,100
50000,5,50,500
64605,6,64,646
80000,8,80,800
63000,6,63,630
65000,6,65,650
129000,1,12,129
50000,5,50,500
100000,1,10,100
150000,1,15,150
171915,1,17,171
150000,1,15,150
108405,1,10,108
100000,1,10,100
65000,6,65,650
100000,1,10,100
25000,2,25,250
120000,1,12,120
65520,6,65,655
100000,1,10,100
210000,2,21,210
66000,6,66,660
100000,1,10,100
55000,5,55,550
87600,8,87,876
209145,2,20,209
247516,2,24,247
218000,2,21,218
90000,9,90,900
183013,1,18,183
62927,6,62,629
46080,4,46,460
80000,8,80,800
104000,1,10,104
90000,9,90,900
58000,5,58,580
60000,6,60,600
86054,8,86,860
150000,1,15,150
100000,1,10,100
105000,1,10,105
100000,1,10,100
50000,5,50,500
100000,1,10,100
200000,2,20,200
60000,6,60,600
210000,2,21,210
131400,1,13,131
140000,1,14,140
220000,2,22,220
100000,1,10,100
650000,6,65,650
60000,6,60,600
138425,1,13,138
103085,1,10,103
52500,5,52,525
80000,8,80,800
130000,1,13,130
98550,9,98,985
63000,6,63,630
30800,3,30,308
60000,6,60,600
54750,5,54,547
16640,1,16,166
40000,4,40,400
100000,1,10,100
100000,1,10,100
31000,3,31,310
100000,1,10,100
75000,7,75,750
38000,3,38,380
100000,1,10,100
300000,3,30,300
195000,1,19,195
200000,2,20,200
600000,6,60,600
32850,3,32,328
130000,1,13,130
300000,3,30,300
47424,4,47,474
147332,1,14,147
75000,7,75,750
200000,2,20,200
100000,1,10,100
157000,1,15,157
157680,1,15,157
190000,1,19,190
50000,5,50,500
63000,6,63,630
388783,3,38,388
200000,2,20,200
40000,4,40,400
85000,8,85,850
71394,7,71,713
105000,1,10,105
250000,2,25,250
60000,6,60,600
50000,5,50,500
150000,1,15,150
100000,1,10,100
600000,6,60,600
100000,1,10,100
150000,1,15,150
153000,1,15,153
57500,5,57,575
150000,1,15,150
66900,6,66,669
100000,1,10,100
165008,1,16,165
60000,6,60,600
175000,1,17,175
250000,2,25,250
79000,7,79,790
150000,1,15,150
30000,3,30,300
20000,2,20,200
66671,6,66,666
186150,1,18,186
120000,1,12,120
72449,7,72,724
65700,6,65,657
150000,1,15,150
98550,9,98,985
52000,5,52,520
87600,8,87,876
250000,2,25,250
68250,6,68,682
65000,6,65,650
60000,6,60,600
100000,1,10,100
250000,2,25,250
82927,8,82,829
100000,1,10,100
91000,9,91,910
161889,1,16,161
90737,9,90,907
175000,1,17,175
200000,2,20,200
250000,2,25,250
30000,3,30,300
49275,4,49,492
66359,6,66,663
60000,6,60,600
197143,1,19,197
130000,1,13,130
32000,3,32,320
100192,1,10,100
80000,8,80,800
25000,2,25,250
72270,7,72,722
100000,1,10,100
125000,1,12,125
110000,1,11,110
146474,1,14,146
150000,1,15,150
146000,1,14,146
82400,8,82,824
100000,1,10,100
109000,1,10,109
100000,1,10,100
56000,5,56,560
50000,5,50,500
40000,4,40,400
175000,1,17,175
400000,4,40,400
70000,7,70,700
138000,1,13,138
130000,1,13,130
110000,1,11,110
67583,6,67,675
163000,1,16,163
10000,1,10,100
100000,1,10,100
100000,1,10,100
55000,5,55,550
38000,3,38,380
24000,2,24,240
65000,6,65,650
180000,1,18,180
200000,2,20,200
92000,9,92,920
85000,8,85,850
77000,7,77,770
135000,1,13,135
80000,8,80,800
76650,7,76,766
150000,1,15,150
87790,8,87,877
500000,5,50,500
124800,1,12,124
109500,1,10,109
120000,1,12,120
100000,1,10,100
97760,9,97,977
90000,9,90,900
72000,7,72,720
98550,9,98,985
30000,3,30,300
150000,1,15,150
150000,1,15,150
60000,6,60,600
197260,1,19,197
50000,5,50,500
250000,2,25,250
165126,1,16,165
150000,1,15,150
35000,3,35,350
180000,1,18,180
90000,9,90,900
54000,5,54,540
120000,1,12,120
750000,7,75,750
35000,3,35,350
92805,9,92,928
97500,9,97,975
60000,6,60,600
70000,7,70,700
250000,2,25,250
87600,8,87,876
95760,9,95,957
323100,3,32,323
100000,1,10,100
87600,8,87,876
25000,2,25,250
175000,1,17,175
268275,2,26,268
273750,2,27,273
78000,7,78,780
125000,1,12,125
120000,1,12,120
88000,8,88,880
90000,9,90,900
170000,1,17,170
67000,6,67,670
100000,1,10,100
200000,2,20,200
150000,1,15,150
65600,6,65,656
240000,2,24,240
85000,8,85,850
220788,2,22,220
1200000,1,12,120
50000,5,50,500
145000,1,14,145
14500,1,14,145
75000,7,75,750
87600,8,87,876
70000,7,70,700
65700,6,65,657
70000,7,70,700
300000,3,30,300
80000,8,80,800
93000,9,93,930
132000,1,13,132
118000,1,11,118
120000,1,12,120
180000,1,18,180
57572,5,57,575
270000,2,27,270
78500,7,78,785
60000,6,60,600
45551,4,45,455
96900,9,96,969
480000,4,48,480
143900,1,14,143
219000,2,21,219
70000,7,70,700
116070,1,11,116
22581,2,22,225
95000,9,95,950
78000,7,78,780
273750,2,27,273
60000,6,60,600
87218,8,87,872
80000,8,80,800
50000,5,50,500
100000,1,10,100
100000,1,10,100
195000,1,19,195
205000,2,20,205
95000,9,95,950
105000,1,10,105
114950,1,11,114
108000,1,10,108
120000,1,12,120
80000,8,80,800
160000,1,16,160
74000,7,74,740
197100,1,19,197
50880,5,50,508
85088,8,85,850
87600,8,87,876
260000,2,26,260
150000,1,15,150
60000,6,60,600
74794,7,74,747
80000,8,80,800
109500,1,10,109
50000,5,50,500
100000,1,10,100
90000,9,90,900
200000,2,20,200
200000,2,20,200
234000,2,23,234
100000,1,10,100
80000,8,80,800
82125,8,82,821
91311,9,91,913
433000,4,43,433
28990,2,28,289
110000,1,11,110
250000,2,25,250
50000,5,50,500
98550,9,98,985
140000,1,14,140
284700,2,28,284
5000,5,50,500
78000,7,78,780
60697,6,60,606
115000,1,11,115
117706,1,11,117
40000,4,40,400
48000,4,48,480
63000,6,63,630
30000,3,30,300
213000,2,21,213
111647,1,11,111
36000,3,36,360
100000,1,10,100
155000,1,15,155
65000,6,65,650
63500,6,63,635
117000,1,11,117
250000,2,25,250
265347,2,26,265
80000,8,80,800
100000,1,10,100
67840,6,67,678
38672,3,38,386
68000,6,68,680
60000,6,60,600
75000,7,75,750
163956,1,16,163
79000,7,79,790
60000,6,60,600
100000,1,10,100
150000,1,15,150
77320,7,77,773
36400,3,36,364
60000,6,60,600
62500,6,62,625
100000,1,10,100
164250,1,16,164
107000,1,10,107
32522,3,32,325
45000,4,45,450
85000,8,85,850
40000,4,40,400
120000,1,12,120
124830,1,12,124
140000,1,14,140
94961,9,94,949
100000,1,10,100
76650,7,76,766
62000,6,62,620
50000,5,50,500
30000,3,30,300
253000,2,25,253
160000,1,16,160
84744,8,84,847
106000,1,10,106
240000,2,24,240
78360,7,78,783
438000,4,43,438
71175,7,71,711
85000,8,85,850
100000,1,10,100
100000,1,10,100
150000,1,15,150
70932,7,70,709
91980,9,91,919
150000,1,15,150
100000,1,10,100
95000,9,95,950
87000,8,87,870
90000,9,90,900
100000,1,10,100
1500000,1,15,150
142000,1,14,142
100000,1,10,100
80000,8,80,800
200000,2,20,200
96000,9,96,960
150000,1,15,150
10000,1,10,100
30000,3,30,300
67000,6,67,670
200000,2,20,200
144540,1,14,144
300000,3,30,300
160000,1,16,160
250000,2,25,250
253775,2,25,253
82125,8,82,821
150000,1,15,150
156960,1,15,156
50000,5,50,500
40000,4,40,400
82659,8,82,826
30000,3,30,300
200000,2,20,200
150000,1,15,150
130934,1,13,130
72000,7,72,720
64153,6,64,641
84000,8,84,840
116600,1,11,116
100000,1,10,100
45000,4,45,450
300000,3,30,300
235000,2,23,235
110874,1,11,110
88000,8,88,880
18000,1,18,180
46000,4,46,460
10000,1,10,100
190000,1,19,190
162561,1,16,162
119264,1,11,119
92000,9,92,920
300000,3,30,300
100000,1,10,100
120000,1,12,120
285000,2,28,285
200000,2,20,200
40000,4,40,400
229950,2,22,229
120000,1,12,120
25000,2,25,250
400000,4,40,400
100000,1,10,100
96759,9,96,967
185000,1,18,185
129445,1,12,129
33020,3,33,330
30000,3,30,300
108400,1,10,108
67890,6,67,678
47153,4,47,471
74460,7,74,744
300000,3,30,300
40000,4,40,400
50000,5,50,500
120000,1,12,120
152041,1,15,152
90000,9,90,900
55000,5,55,550
150000,1,15,150
400000,4,40,400
104025,1,10,104
60000,6,60,600
99000,9,99,990
79450,7,79,794
150000,1,15,150
100000,1,10,100
140000,1,14,140
82125,8,82,821
100000,1,10,100
489615,4,48,489
190000,1,19,190
109291,1,10,109
76500,7,76,765
107000,1,10,107
12000,1,12,120
104000,1,10,104
150000,1,15,150
160000,1,16,160
300000,3,30,300
150000,1,15,150
54277,5,54,542
100000,1,10,100
100000,1,10,100
75000,7,75,750
147000,1,14,147
47632,4,47,476
100000,1,10,100
120450,1,12,120
100000,1,10,100
90000,9,90,900
260000,2,26,260
50000,5,50,500
75000,7,75,750
120000,1,12,120
106000,1,10,106
40077,4,40,400
87599,8,87,875
74000,7,74,740
93075,9,93,930
440000,4,44,440
100000,1,10,100
58000,5,58,580
210000,2,21,210
200000,2,20,200
250000,2,25,250
153300,1,15,153
95650,9,95,956
120000,1,12,120
139000,1,13,139
109500,1,10,109
200000,2,20,200
159515,1,15,159
179005,1,17,179
55000,5,55,550
260000,2,26,260
195000,1,19,195
118000,1,11,118
95260,9,95,952
220000,2,22,220
100740,1,10,100
54072,5,54,540
350000,3,35,350
80000,8,80,800
147825,1,14,147
130000,1,13,130
68000,6,68,680
100000,1,10,100
97000,9,97,970
97000,9,97,970
290000,2,29,290
50000,5,50,500
41600,4,41,416
100000,1,10,100
180000,1,18,180
60000,6,60,600
26000,2,26,260
72270,7,72,722
1000000,1,10,100
132000,1,13,132
100000,1,10,100
20000,2,20,200
20000,2,20,200
109500,1,10,109
120000,1,12,120
70000,7,70,700
400000,4,40,400
160000,1,16,160
144822,1,14,144
280000,2,28,280
134640,1,13,134
150000,1,15,150
140000,1,14,140
120000,1,12,120
109500,1,10,109
74480,7,74,744
32850,3,32,328
85000,8,85,850
100000,1,10,100
90557,9,90,905
100000,1,10,100
100192,1,10,100
137110,1,13,137
60000,6,60,600
100000,1,10,100
50000,5,50,500
100000,1,10,100
80000,8,80,800
136875,1,13,136
100000,1,10,100
98550,9,98,985
160000,1,16,160
163520,1,16,163
96000,9,96,960
113880,1,11,113
70008,7,70,700
100000,1,10,100
250000,2,25,250
100000,1,10,100
71623,7,71,716
50000,5,50,500
82125,8,82,821
10000,1,10,100
81899,8,81,818
120000,1,12,120
70947,7,70,709
221710,2,22,221
90000,9,90,900
200000,2,20,200
120000,1,12,120
135000,1,13,135
100000,1,10,100
124000,1,12,124
10000,1,10,100
141000,1,14,141
80000,8,80,800
66000,6,66,660
30000,3,30,300
170820,1,17,170
65000,6,65,650
100217,1,10,100
195000,1,19,195
70000,7,70,700
131000,1,13,131
98000,9,98,980
98000,9,98,980
58858,5,58,588
50000,5,50,500
93616,9,93,936
130000,1,13,130
200000,2,20,200
100000,1,10,100
280000,2,28,280
85000,8,85,850
120000,1,12,120
350000,3,35,350
40000,4,40,400
80000,8,80,800
92000,9,92,920
60000,6,60,600
165000,1,16,165
191625,1,19,191
71175,7,71,711
182000,1,18,182
350000,3,35,350
125000,1,12,125
54750,5,54,547
75000,7,75,750
65000,6,65,650
78000,7,78,780
75000,7,75,750
100000,1,10,100
160000,1,16,160
40000,4,40,400
75000,7,75,750
76500,7,76,765
60000,6,60,600
160000,1,16,160
170000,1,17,170
100000,1,10,100
100000,1,10,100
250000,2,25,250
40000,4,40,400
60000,6,60,600
130000,1,13,130
117642,1,11,117
275000,2,27,275
110592,1,11,110
450000,4,45,450
50000,5,50,500
200000,2,20,200
100000,1,10,100
110000,1,11,110
392358,3,39,392
285680,2,28,285
126000,1,12,126
50000,5,50,500
60000,6,60,600
65000,6,65,650
50000,5,50,500
250000,2,25,250
189000,1,18,189
20000,2,20,200
72000,7,72,720
100000,1,10,100
118000,1,11,118
78000,7,78,780
100000,1,10,100
81650,8,81,816
400000,4,40,400
160000,1,16,160
120000,1,12,120
47000,4,47,470
100000,1,10,100
45688,4,45,456
87600,8,87,876
251446,2,25,251
75000,7,75,750
150000,1,15,150
27994,2,27,279
100200,1,10,100
34320,3,34,343
506000,5,50,506
96425,9,96,964
200000,2,20,200
100000,1,10,100
100000,1,10,100
140925,1,14,140
100000,1,10,100
100000,1,10,100
80000,8,80,800
129913,1,12,129
60000,6,60,600
100000,1,10,100
160000,1,16,160
76000,7,76,760
65000,6,65,650
50000,5,50,500
200000,2,20,200
139000,1,13,139
129975,1,12,129
100000,1,10,100
85000,8,85,850
102200,1,10,102
67000,6,67,670
70000,7,70,700
275000,2,27,275
78528,7,78,785
700000,7,70,700
500000,5,50,500
109500,1,10,109
650000,6,65,650
76000,7,76,760
90000,9,90,900
82000,8,82,820
110000,1,11,110
131400,1,13,131
142350,1,14,142
186150,1,18,186
95000,9,95,950
61620,6,61,616
170000,1,17,170
84000,8,84,840
219000,2,21,219
115000,1,11,115
100000,1,10,100
105000,1,10,105
60225,6,60,602
71000,7,71,710
241000,2,24,241
101208,1,10,101
150000,1,15,150
100000,1,10,100
54000,5,54,540
85000,8,85,850
110000,1,11,110
50000,5,50,500
100000,1,10,100
186047,1,18,186
45000,4,45,450
46200,4,46,462
76360,7,76,763
49275,4,49,492
125925,1,12,125
89790,8,89,897
60000,6,60,600
950000,9,95,950
219000,2,21,219
84000,8,84,840
150000,1,15,150
99645,9,99,996
68219,6,68,682
100000,1,10,100
164250,1,16,164
202575,2,20,202
177669,1,17,177
85000,8,85,850
100000,1,10,100
80000,8,80,800
62816,6,62,628
20000,2,20,200
50000,5,50,500
35000,3,35,350
83200,8,83,832
180000,1,18,180
170000,1,17,170
500000,5,50,500
30000,3,30,300
87600,8,87,876
68000,6,68,680
54038,5,54,540
98725,9,98,987
56810,5,56,568
140000,1,14,140
110000,1,11,110
111000,1,11,111
20000,2,20,200
50000,5,50,500
200000,2,20,200
250000,2,25,250
65700,6,65,657
50000,5,50,500
31200,3,31,312
120000,1,12,120
42000,4,42,420
61500,6,61,615
158000,1,15,158
60000,6,60,600
30000,3,30,300
400000,4,40,400
59200,5,59,592
131400,1,13,131
180000,1,18,180
100217,1,10,100
220000,2,22,220
98000,9,98,980
70000,7,70,700
120000,1,12,120
85000,8,85,850
50000,5,50,500
151110,1,15,151
25000,2,25,250
80000,8,80,800
100000,1,10,100
133000,1,13,133
80000,8,80,800
83000,8,83,830
98550,9,98,985
40000,4,40,400
208000,2,20,208
100000,1,10,100
100000,1,10,100
60000,6,60,600
120000,1,12,120
87819,8,87,878
82125,8,82,821
60071,6,60,600
170000,1,17,170
138000,1,13,138
159122,1,15,159
104683,1,10,104
50000,5,50,500
50000,5,50,500
135000,1,13,135
71175,7,71,711
237992,2,23,237
90000,9,90,900
67248,6,67,672
80000,8,80,800
90000,9,90,900
74965,7,74,749
30000,3,30,300
104025,1,10,104
142350,1,14,142
174000,1,17,174
131000,1,13,131
90000,9,90,900
87500,8,87,875
378000,3,37,378
180000,1,18,180
47000,4,47,470
201150,2,20,201
120000,1,12,120
110000,1,11,110
30000,3,30,300
71175,7,71,711
115000,1,11,115
150000,1,15,150
80000,8,80,800
71250,7,71,712
82000,8,82,820
74484,7,74,744
87025,8,87,870
45000,4,45,450
50000,5,50,500
100000,1,10,100
131400,1,13,131
190000,1,19,190
62000,6,62,620
550000,5,55,550
70000,7,70,700
80000,8,80,800
142875,1,14,142
35100,3,35,351
100000,1,10,100
78000,7,78,780
40000,4,40,400
75000,7,75,750
420000,4,42,420
139316,1,13,139
329435,3,32,329
52000,5,52,520
76650,7,76,766
36500,3,36,365
180000,1,18,180
100000,1,10,100
61424,6,61,614
100000,1,10,100
100000,1,10,100
30000,3,30,300
130000,1,13,130
52000,5,52,520
95000,9,95,950
81030,8,81,810
75000,7,75,750
82000,8,82,820
120000,1,12,120
95000,9,95,950
84544,8,84,845
99236,9,99,992
90000,9,90,900
66000,6,66,660
120000,1,12,120
70000,7,70,700
76258,7,76,762
100000,1,10,100
75000,7,75,750
80000,8,80,800
88000,8,88,880
78000,7,78,780
136000,1,13,136
60000,6,60,600
110000,1,11,110
55000,5,55,550
200000,2,20,200
100000,1,10,100
300000,3,30,300
80000,8,80,800
150000,1,15,150
80000,8,80,800
200000,2,20,200
170000,1,17,170
50000,5,50,500
121600,1,12,121
50000,5,50,500
100000,1,10,100
180000,1,18,180
250000,2,25,250
100000,1,10,100
93786,9,93,937
81577,8,81,815
100000,1,10,100
200000,2,20,200
200000,2,20,200
120000,1,12,120
150000,1,15,150
155000,1,15,155
153300,1,15,153
79607,7,79,796
80000,8,80,800
100000,1,10,100
76650,7,76,766
50000,5,50,500
53200,5,53,532
90000,9,90,900
256000,2,25,256
170000,1,17,170
60000,6,60,600
200000,2,20,200
110000,1,11,110
120000,1,12,120
120000,1,12,120
145000,1,14,145
54000,5,54,540
260000,2,26,260
52000,5,52,520
138968,1,13,138
100000,1,10,100
31000,3,31,310
300000,3,30,300
105000,1,10,105
150000,1,15,150
297000,2,29,297
100000,1,10,100
60000,6,60,600
100000,1,10,100
600000,6,60,600
110000,1,11,110
104025,1,10,104
52000,5,52,520
59000,5,59,590
35000,3,35,350
700000,7,70,700
100000,1,10,100
219000,2,21,219
170000,1,17,170
5070,5,50,507
108000,1,10,108
250000,2,25,250
238000,2,23,238
43274,4,43,432
92000,9,92,920
10000,1,10,100
70000,7,70,700
30000,3,30,300
50000,5,50,500
50370,5,50,503
90000,9,90,900
430000,4,43,430
65000,6,65,650
76125,7,76,761
146730,1,14,146
10000,1,10,100
70000,7,70,700
190000,1,19,190
36000,3,36,360
65000,6,65,650
247100,2,24,247
97170,9,97,971
58000,5,58,580
98550,9,98,985
74000,7,74,740
30000,3,30,300
30000,3,30,300
200000,2,20,200
228465,2,22,228
75962,7,75,759
163636,1,16,163
25000,2,25,250
52650,5,52,526
56940,5,56,569
70000,7,70,700
195000,1,19,195
100000,1,10,100
90000,9,90,900
88089,8,88,880
450000,4,45,450
20000,2,20,200
85000,8,85,850
150000,1,15,150
85410,8,85,854
45000,4,45,450
120000,1,12,120
36400,3,36,364
60000,6,60,600
175000,1,17,175
250000,2,25,250
114800,1,11,114
110000,1,11,110
50000,5,50,500
76650,7,76,766
126145,1,12,126
84315,8,84,843
131400,1,13,131
133000,1,13,133
175200,1,17,175
67000,6,67,670
58000,5,58,580
85000,8,85,850
36000,3,36,360
132352,1,13,132
280000,2,28,280
150000,1,15,150
100000,1,10,100
100000,1,10,100
350000,3,35,350
49000,4,49,490
69000,6,69,690
100000,1,10,100
76650,7,76,766
980000,9,98,980
60000,6,60,600
20000,2,20,200
30000,3,30,300
39420,3,39,394
250000,2,25,250
350000,3,35,350
265000,2,26,265
80000,8,80,800
150000,1,15,150
200000,2,20,200
135000,1,13,135
300000,3,30,300
98988,9,98,989
300000,3,30,300
100000,1,10,100
361664,3,36,361
180000,1,18,180
120000,1,12,120
160000,1,16,160
65000,6,65,650
45000,4,45,450
30660,3,30,306
80000,8,80,800
80000,8,80,800
75000,7,75,750
125000,1,12,125
113500,1,11,113
109500,1,10,109
100000,1,10,100
20000,2,20,200
20000,2,20,200
100000,1,10,100
214260,2,21,214
114000,1,11,114
75000,7,75,750
255000,2,25,255
60000,6,60,600
135000,1,13,135
80000,8,80,800
96000,9,96,960
164250,1,16,164
150000,1,15,150
200000,2,20,200
175000,1,17,175
84000,8,84,840
100000,1,10,100
100000,1,10,100
250000,2,25,250
50000,5,50,500
67890,6,67,678
79212,7,79,792
82125,8,82,821
72000,7,72,720
150000,1,15,150
160000,1,16,160
100000,1,10,100
70000,7,70,700
300000,3,30,300
100000,1,10,100
80000,8,80,800
50000,5,50,500
70800,7,70,708
114000,1,11,114
65529,6,65,655
450000,4,45,450
175200,1,17,175
185000,1,18,185
37000,3,37,370
242000,2,24,242
30992,3,30,309
265000,2,26,265
86000,8,86,860
77276,7,77,772
180000,1,18,180
84315,8,84,843
90000,9,90,900
100000,1,10,100
60596,6,60,605
161500,1,16,161
50000,5,50,500
278864,2,27,278
350000,3,35,350
80000,8,80,800
140000,1,14,140
139000,1,13,139
200000,2,20,200
147000,1,14,147
120000,1,12,120
350000,3,35,350
90000,9,90,900
60000,6,60,600
84000,8,84,840
275000,2,27,275
85410,8,85,854
100000,1,10,100
120000,1,12,120
416904,4,41,416
150000,1,15,150
106000,1,10,106
27994,2,27,279
31000,3,31,310
114975,1,11,114
220000,2,22,220
65000,6,65,650
35000,3,35,350
50000,5,50,500
50000,5,50,500
71175,7,71,711
165000,1,16,165
75000,7,75,750
120000,1,12,120
160000,1,16,160
100000,1,10,100
160000,1,16,160
97455,9,97,974
67735,6,67,677
160000,1,16,160
77320,7,77,773
40000,4,40,400
220000,2,22,220
100000,1,10,100
131400,1,13,131
83800,8,83,838
180000,1,18,180
111214,1,11,111
258480,2,25,258
100000,1,10,100
106508,1,10,106
45000,4,45,450
56027,5,56,560
180000,1,18,180
121709,1,12,121
400000,4,40,400
158000,1,15,158
65000,6,65,650
85000,8,85,850
15000,1,15,150
125000,1,12,125
87600,8,87,876
60000,6,60,600
100000,1,10,100
600000,6,60,600
200000,2,20,200
80000,8,80,800
80000,8,80,800
58000,5,58,580
186150,1,18,186
135000,1,13,135
105168,1,10,105
76650,7,76,766
200000,2,20,200
54750,5,54,547
65000,6,65,650
120000,1,12,120
136227,1,13,136
175000,1,17,175
133000,1,13,133
140000,1,14,140
150000,1,15,150
111000,1,11,111
60000,6,60,600
176000,1,17,176
100000,1,10,100
160000,1,16,160
112750,1,11,112
120000,1,12,120
210000,2,21,210
40000,4,40,400
120000,1,12,120
25000,2,25,250
60000,6,60,600
219000,2,21,219
200000,2,20,200
35000,3,35,350
104025,1,10,104
72270,7,72,722
10000,1,10,100
100000,1,10,100
220000,2,22,220
80000,8,80,800
110000,1,11,110
300000,3,30,300
140000,1,14,140
71000,7,71,710
20000,2,20,200
110250,1,11,110
100000,1,10,100
354000,3,35,354
100000,1,10,100
55000,5,55,550
100000,1,10,100
195000,1,19,195
275888,2,27,275
90000,9,90,900
113000,1,11,113
87600,8,87,876
100000,1,10,100
190000,1,19,190
150000,1,15,150
190877,1,19,190
152310,1,15,152
14000,1,14,140
3000,3,30,300
70000,7,70,700
222100,2,22,222
240000,2,24,240
96000,9,96,960
500000,5,50,500
50000,5,50,500
45000,4,45,450
10000,1,10,100
100000,1,10,100
139000,1,13,139
146528,1,14,146
60225,6,60,602
117370,1,11,117
72000,7,72,720
140000,1,14,140
66000,6,66,660
93075,9,93,930
53500,5,53,535
60000,6,60,600
53550,5,53,535
300000,3,30,300
80000,8,80,800
120000,1,12,120
108175,1,10,108
100000,1,10,100
89000,8,89,890
130000,1,13,130
300000,3,30,300
248499,2,24,248
100000,1,10,100
153300,1,15,153
50000,5,50,500
350000,3,35,350
32850,3,32,328
80000,8,80,800
80000,8,80,800
139065,1,13,139
71175,7,71,711
419750,4,41,419
100000,1,10,100
100000,1,10,100
115000,1,11,115
273750,2,27,273
150000,1,15,150
46000,4,46,460
43800,4,43,438
200000,2,20,200
100000,1,10,100
168000,1,16,168
131400,1,13,131
120000,1,12,120
100000,1,10,100
100000,1,10,100
72694,7,72,726
200000,2,20,200
103685,1,10,103
400000,4,40,400
100000,1,10,100
100000,1,10,100
150000,1,15,150
65700,6,65,657
150000,1,15,150
150000,1,15,150
50000,5,50,500
105000,1,10,105
55000,5,55,550
90420,9,90,904
102800,1,10,102
100000,1,10,100
130000,1,13,130
88000,8,88,880
82000,8,82,820
132000,1,13,132
136000,1,13,136
46080,4,46,460
156832,1,15,156
200000,2,20,200
100000,1,10,100
315000,3,31,315
45000,4,45,450
186693,1,18,186
100000,1,10,100
110752,1,11,110
150000,1,15,150
100000,1,10,100
480000,4,48,480
120000,1,12,120
80000,8,80,800
43253,4,43,432
100000,1,10,100
50000,5,50,500
90000,9,90,900
82000,8,82,820
200000,2,20,200
130000,1,13,130
77549,7,77,775
90000,9,90,900
160000,1,16,160
100833,1,10,100
120000,1,12,120
81465,8,81,814
70000,7,70,700
25000,2,25,250
110000,1,11,110
80000,8,80,800
96360,9,96,963
190000,1,19,190
50000,5,50,500
35000,3,35,350
100000,1,10,100
147825,1,14,147
100000,1,10,100
100000,1,10,100
300000,3,30,300
77034,7,77,770
180000,1,18,180
74000,7,74,740
92100,9,92,921
90000,9,90,900
65000,6,65,650
103693,1,10,103
48000,4,48,480
69160,6,69,691
45000,4,45,450
53000,5,53,530
65700,6,65,657
180000,1,18,180
120000,1,12,120
100000,1,10,100
140000,1,14,140
250000,2,25,250
10000,1,10,100
100000,1,10,100
45000,4,45,450
7000,7,70,700
90000,9,90,900
50000,5,50,500
65000,6,65,650
218398,2,21,218
148112,1,14,148
180000,1,18,180
155251,1,15,155
182655,1,18,182
360000,3,36,360
242000,2,24,242
69372,6,69,693
84080,8,84,840
171000,1,17,171
100000,1,10,100
43800,4,43,438
200000,2,20,200
50000,5,50,500
78000,7,78,780
150000,1,15,150
64750,6,64,647
144000,1,14,144
113712,1,11,113
125000,1,12,125
110431,1,11,110
93408,9,93,934
140000,1,14,140
40000,4,40,400
118000,1,11,118
150000,1,15,150
45000,4,45,450
286204,2,28,286
100000,1,10,100
180000,1,18,180
120000,1,12,120
98550,9,98,985
376308,3,37,376
280000,2,28,280
130000,1,13,130
233790,2,23,233
250000,2,25,250
75000,7,75,750
300000,3,30,300
140000,1,14,140
93075,9,93,930
80000,8,80,800
100000,1,10,100
87000,8,87,870
25000,2,25,250
327000,3,32,327
250000,2,25,250
120000,1,12,120
110000,1,11,110
100000,1,10,100
300000,3,30,300
125000,1,12,125
160000,1,16,160
190000,1,19,190
155251,1,15,155
150000,1,15,150
74000,7,74,740
275200,2,27,275
72500,7,72,725
80000,8,80,800
100000,1,10,100
98800,9,98,988
100000,1,10,100
110000,1,11,110
240000,2,24,240
55000,5,55,550
100000,1,10,100
50000,5,50,500
72270,7,72,722
70000,7,70,700
10000,1,10,100
61320,6,61,613
100000,1,10,100
250816,2,25,250
355000,3,35,355
158100,1,15,158
170000,1,17,170
83000,8,83,830
70000,7,70,700
200000,2,20,200
125000,1,12,125
56000,5,56,560
201000,2,20,201
214593,2,21,214
58184,5,58,581
32000,3,32,320
93515,9,93,935
71500,7,71,715
250000,2,25,250
296000,2,29,296
105000,1,10,105
78000,7,78,780
174250,1,17,174
44200,4,44,442
86243,8,86,862
82000,8,82,820
120000,1,12,120
120000,1,12,120
136875,1,13,136
100000,1,10,100
87131,8,87,871
500000,5,50,500
70000,7,70,700
150000,1,15,150
15000,1,15,150
150000,1,15,150
30000,3,30,300
105000,1,10,105
144000,1,14,144
100000,1,10,100
200000,2,20,200
100000,1,10,100
70000,7,70,700
66274,6,66,662
65000,6,65,650
100000,1,10,100
114482,1,11,114
80000,8,80,800
100740,1,10,100
308823,3,30,308
136875,1,13,136
49275,4,49,492
75000,7,75,750
150000,1,15,150
55000,5,55,550
220000,2,22,220
214000,2,21,214
45000,4,45,450
190000,1,19,190
300000,3,30,300
420000,4,42,420
100000,1,10,100
65000,6,65,650
32400,3,32,324
240000,2,24,240
65000,6,65,650
28505,2,28,285
40000,4,40,400
55000,5,55,550
43800,4,43,438
110000,1,11,110
100440,1,10,100
120000,1,12,120
150000,1,15,150
100000,1,10,100
72000,7,72,720
98550,9,98,985
200000,2,20,200
100000,1,10,100
120000,1,12,120
140000,1,14,140
180000,1,18,180
112896,1,11,112
69114,6,69,691
120000,1,12,120
155000,1,15,155
109500,1,10,109
88400,8,88,884
37000,3,37,370
160000,1,16,160
105377,1,10,105
12000,1,12,120
100000,1,10,100
100000,1,10,100
182000,1,18,182
300000,3,30,300
170000,1,17,170
35000,3,35,350
90000,9,90,900
400000,4,40,400
211459,2,21,211
60000,6,60,600
157000,1,15,157
219000,2,21,219
55680,5,55,556
150000,1,15,150
53655,5,53,536
100000,1,10,100
15760,1,15,157
95265,9,95,952
69850,6,69,698
76000,7,76,760
95000,9,95,950
325000,3,32,325
282035,2,28,282
67000,6,67,670
160000,1,16,160
120450,1,12,120
93000,9,93,930
197000,1,19,197
135000,1,13,135
70000,7,70,700
65000,6,65,650
148000,1,14,148
113000,1,11,113
250000,2,25,250
60000,6,60,600
35000,3,35,350
60000,6,60,600
60000,6,60,600
70000,7,70,700
28470,2,28,284
55000,5,55,550
85410,8,85,854
100000,1,10,100
345958,3,34,345
1000000,1,10,100
170000,1,17,170
131400,1,13,131
78000,7,78,780
120000,1,12,120
25000,2,25,250
117642,1,11,117
100000,1,10,100
150000,1,15,150
88012,8,88,880
56000,5,56,560
254000,2,25,254
100000,1,10,100
135780,1,13,135
109324,1,10,109
300000,3,30,300
114975,1,11,114
229395,2,22,229
99065,9,99,990
160000,1,16,160
100000,1,10,100
400000,4,40,400
80000,8,80,800
180000,1,18,180
25000,2,25,250
147500,1,14,147
10000,1,10,100
55004,5,55,550
100000,1,10,100
80000,8,80,800
250000,2,25,250
100000,1,10,100
108158,1,10,108
206000,2,20,206
54750,5,54,547
180675,1,18,180
560000,5,56,560
122307,1,12,122
103984,1,10,103
240000,2,24,240
30000,3,30,300
25000,2,25,250
31000,3,31,310
10000,1,10,100
25000,2,25,250
150000,1,15,150
35000,3,35,350
89500,8,89,895
45000,4,45,450
150000,1,15,150
71400,7,71,714
80000,8,80,800
42000,4,42,420
100000,1,10,100
80000,8,80,800
25000,2,25,250
156000,1,15,156
20000,2,20,200
150000,1,15,150
80000,8,80,800
120000,1,12,120
260000,2,26,260
42000,4,42,420
62000,6,62,620
28800,2,28,288
100000,1,10,100
150000,1,15,150
221000,2,22,221
203670,2,20,203
71000,7,71,710
150000,1,15,150
121600,1,12,121
80000,8,80,800
84315,8,84,843
82125,8,82,821
46460,4,46,464
83200,8,83,832
23500,2,23,235
70000,7,70,700
90000,9,90,900
186150,1,18,186
385000,3,38,385
40000,4,40,400
55000,5,55,550
153300,1,15,153
125000,1,12,125
107000,1,10,107
45000,4,45,450
320000,3,32,320
160000,1,16,160
25000,2,25,250
100000,1,10,100
100000,1,10,100
115000,1,11,115
131400,1,13,131
150000,1,15,150
123387,1,12,123
68985,6,68,689
85000,8,85,850
50000,5,50,500
178400,1,17,178
172000,1,17,172
92000,9,92,920
51000,5,51,510
100000,1,10,100
144000,1,14,144
300000,3,30,300
100000,1,10,100
110124,1,11,110
300000,3,30,300
176000,1,17,176
58000,5,58,580
130000,1,13,130
65800,6,65,658
98544,9,98,985
150000,1,15,150
77500,7,77,775
107077,1,10,107
73920,7,73,739
245000,2,24,245
120000,1,12,120
115000,1,11,115
198000,1,19,198
73993,7,73,739
157680,1,15,157
157000,1,15,157
50000,5,50,500
73584,7,73,735
139056,1,13,139
55000,5,55,550
25000,2,25,250
63022,6,63,630
108000,1,10,108
60000,6,60,600
40000,4,40,400
223465,2,22,223
116407,1,11,116
82300,8,82,823
53655,5,53,536
100000,1,10,100
150000,1,15,150
200000,2,20,200
120450,1,12,120
71000,7,71,710
100000,1,10,100
122000,1,12,122
80000,8,80,800
100000,1,10,100
170000,1,17,170
100000,1,10,100
67727,6,67,677
115000,1,11,115
87600,8,87,876
109500,1,10,109
100000,1,10,100
65000,6,65,650
140000,1,14,140
100000,1,10,100
150000,1,15,150
98592,9,98,985
105000,1,10,105
100000,1,10,100
57000,5,57,570
30000,3,30,300
66600,6,66,666
150000,1,15,150
183799,1,18,183
1000000,1,10,100
18000,1,18,180
200000,2,20,200
85000,8,85,850
210000,2,21,210
100000,1,10,100
100000,1,10,100
180000,1,18,180
100000,1,10,100
170000,1,17,170
17082,1,17,170
60000,6,60,600
5000,5,50,500
200000,2,20,200
100000,1,10,100
375000,3,37,375
94960,9,94,949
48000,4,48,480
50000,5,50,500
112000,1,11,112
109000,1,10,109
300000,3,30,300
59000,5,59,590
200000,2,20,200
150000,1,15,150
93000,9,93,930
62000,6,62,620
125925,1,12,125
125000,1,12,125
90206,9,90,902
60000,6,60,600
100000,1,10,100
125000,1,12,125
87600,8,87,876
335000,3,33,335
750000,7,75,750
90622,9,90,906
132000,1,13,132
100000,1,10,100
149476,1,14,149
59787,5,59,597
87600,8,87,876
363143,3,36,363
160000,1,16,160
100000,1,10,100
100000,1,10,100
220000,2,22,220
100000,1,10,100
80000,8,80,800
128662,1,12,128
210000,2,21,210
129000,1,12,129
8541,8,85,854
2000000,2,20,200
229871,2,22,229
50000,5,50,500
110000,1,11,110
76650,7,76,766
66248,6,66,662
65000,6,65,650
135000,1,13,135
88818,8,88,888
30000,3,30,300
115000,1,11,115
60225,6,60,602
120000,1,12,120
50000,5,50,500
283605,2,28,283
75000,7,75,750
163968,1,16,163
80730,8,80,807
70126,7,70,701
52646,5,52,526
60000,6,60,600
153000,1,15,153
64400,6,64,644
60000,6,60,600
56940,5,56,569
87600,8,87,876
109500,1,10,109
100000,1,10,100
70605,7,70,706
155000,1,15,155
92771,9,92,927
107310,1,10,107
64000,6,64,640
115120,1,11,115
30000,3,30,300
80000,8,80,800
320000,3,32,320
73000,7,73,730
460000,4,46,460
76000,7,76,760
220000,2,22,220
36399,3,36,363
91324,9,91,913
55875,5,55,558
77308,7,77,773
104025,1,10,104
55000,5,55,550
62000,6,62,620
200000,2,20,200
210000,2,21,210
97602,9,97,976
70000,7,70,700
130304,1,13,130
180000,1,18,180
70000,7,70,700
131400,1,13,131
60000,6,60,600
98550,9,98,985
119000,1,11,119
300000,3,30,300
110000,1,11,110
146000,1,14,146
70000,7,70,700
57000,5,57,570
93075,9,93,930
260010,2,26,260
50000,5,50,500
164400,1,16,164
34164,3,34,341
100000,1,10,100
250000,2,25,250
97120,9,97,971
104000,1,10,104
43440,4,43,434
50000,5,50,500
10000,1,10,100
68864,6,68,688
46800,4,46,468
78000,7,78,780
60000,6,60,600
67000,6,67,670
160000,1,16,160
54750,5,54,547
200000,2,20,200
100000,1,10,100
100000,1,10,100
78200,7,78,782
48000,4,48,480
30000,3,30,300
165550,1,16,165
100000,1,10,100
95000,9,95,950
80000,8,80,800
98550,9,98,985
120450,1,12,120
115000,1,11,115
550000,5,55,550
79497,7,79,794
85000,8,85,850
50000,5,50,500
600000,6,60,600
100000,1,10,100
97893,9,97,978
90000,9,90,900
54674,5,54,546
51772,5,51,517
100000,1,10,100
120000,1,12,120
100000,1,10,100
75000,7,75,750
110595,1,11,110
169178,1,16,169
57000,5,57,570
140000,1,14,140
56290,5,56,562
125925,1,12,125
49275,4,49,492
38325,3,38,383
63000,6,63,630
240000,2,24,240
200000,2,20,200
83520,8,83,835
75000,7,75,750
90000,9,90,900
100000,1,10,100
200000,2,20,200
562000,5,56,562
100000,1,10,100
87000,8,87,870
400000,4,40,400
95073,9,95,950
105000,1,10,105
155000,1,15,155
155856,1,15,155
120000,1,12,120
100000,1,10,100
55000,5,55,550
192000,1,19,192
100000,1,10,100
93189,9,93,931
90000,9,90,900
136000,1,13,136
125957,1,12,125
88000,8,88,880
180000,1,18,180
140000,1,14,140
1100000,1,11,110
50000,5,50,500
109500,1,10,109
190000,1,19,190
60000,6,60,600
68429,6,68,684
300000,3,30,300
161968,1,16,161
55000,5,55,550
78534,7,78,785
110000,1,11,110
100000,1,10,100
285000,2,28,285
30000,3,30,300
82500,8,82,825
82125,8,82,821
164250,1,16,164
100000,1,10,100
202500,2,20,202
90570,9,90,905
240900,2,24,240
100000,1,10,100
134000,1,13,134
122000,1,12,122
104025,1,10,104
85000,8,85,850
80000,8,80,800
83220,8,83,832
80000,8,80,800
197100,1,19,197
80000,8,80,800
355000,3,35,355
160000,1,16,160
100000,1,10,100
750000,7,75,750
80000,8,80,800
260000,2,26,260
130000,1,13,130
101246,1,10,101
194615,1,19,194
53154,5,53,531
1200000,1,12,120
105000,1,10,105
109258,1,10,109
25000,2,25,250
100000,1,10,100
80000,8,80,800
100000,1,10,100
176000,1,17,176
86315,8,86,863
50000,5,50,500
130000,1,13,130
250000,2,25,250
140000,1,14,140
129830,1,12,129
70000,7,70,700
100000,1,10,100
350000,3,35,350
55000,5,55,550
175000,1,17,175
80000,8,80,800
107000,1,10,107
71168,7,71,711
80000,8,80,800
100000,1,10,100
44000,4,44,440
90740,9,90,907
78498,7,78,784
111142,1,11,111
40000,4,40,400
240000,2,24,240
128000,1,12,128
85410,8,85,854
300000,3,30,300
100000,1,10,100
74627,7,74,746
400000,4,40,400
80000,8,80,800
78925,7,78,789
180000,1,18,180
175000,1,17,175
100000,1,10,100
50000,5,50,500
104052,1,10,104
75000,7,75,750
109500,1,10,109
322364,3,32,322
70000,7,70,700
350000,3,35,350
100000,1,10,100
250000,2,25,250
85000,8,85,850
20000,2,20,200
98550,9,98,985
97000,9,97,970
104025,1,10,104
175000,1,17,175
87600,8,87,876
100000,1,10,100
147825,1,14,147
190000,1,19,190
160000,1,16,160
300000,3,30,300
63500,6,63,635
54750,5,54,547
94998,9,94,949
175200,1,17,175
78000,7,78,780
16425,1,16,164
45000,4,45,450
100000,1,10,100
62000,6,62,620
150000,1,15,150
80000,8,80,800
132000,1,13,132
100000,1,10,100
55000,5,55,550
250000,2,25,250
118499,1,11,118
82000,8,82,820
15000,1,15,150
54750,5,54,547
95000,9,95,950
52473,5,52,524
80000,8,80,800
225000,2,22,225
131400,1,13,131
75157,7,75,751
27000,2,27,270
80000,8,80,800
58000,5,58,580
225000,2,22,225
100000,1,10,100
150000,1,15,150
120450,1,12,120
40000,4,40,400
200000,2,20,200
200000,2,20,200
219282,2,21,219
120450,1,12,120
150000,1,15,150
80000,8,80,800
32000,3,32,320
207500,2,20,207
20000,2,20,200
30000,3,30,300
73000,7,73,730
46486,4,46,464
135000,1,13,135
100000,1,10,100
550000,5,55,550
68000,6,68,680
92805,9,92,928
100000,1,10,100
161000,1,16,161
71175,7,71,711
124388,1,12,124
184000,1,18,184
100000,1,10,100
100000,1,10,100
132000,1,13,132
100000,1,10,100
120000,1,12,120
123735,1,12,123
50000,5,50,500
60000,6,60,600
50000,5,50,500
100000,1,10,100
150000,1,15,150
32850,3,32,328
90000,9,90,900
86944,8,86,869
150000,1,15,150
126499,1,12,126
48000,4,48,480
80000,8,80,800
50000,5,50,500
100000,1,10,100
87600,8,87,876
10000,1,10,100
171325,1,17,171
80000,8,80,800
82000,8,82,820
98332,9,98,983
74999,7,74,749
100000,1,10,100
150000,1,15,150
65000,6,65,650
350000,3,35,350
78840,7,78,788
100000,1,10,100
114975,1,11,114
75000,7,75,750
260000,2,26,260
960000,9,96,960
65000,6,65,650
200000,2,20,200
87600,8,87,876
223221,2,22,223
160000,1,16,160
50000,5,50,500
100000,1,10,100
30000,3,30,300
100000,1,10,100
245000,2,24,245
1200000,1,12,120
90000,9,90,900
22000,2,22,220
400000,4,40,400
1000000,1,10,100
34632,3,34,346
120000,1,12,120
80000,8,80,800
50000,5,50,500
49813,4,49,498
273744,2,27,273
97000,9,97,970
72000,7,72,720
99645,9,99,996
150000,1,15,150
56000,5,56,560
76960,7,76,769
100000,1,10,100
106000,1,10,106
67275,6,67,672
250000,2,25,250
77000,7,77,770
49400,4,49,494
224700,2,22,224
120000,1,12,120
170776,1,17,170
90000,9,90,900
60000,6,60,600
45000,4,45,450
100000,1,10,100
52000,5,52,520
200000,2,20,200
278093,2,27,278
216000,2,21,216
216000,2,21,216
100000,1,10,100
1400000,1,14,140
50000,5,50,500
100000,1,10,100
98000,9,98,980
100000,1,10,100
93075,9,93,930
55000,5,55,550
54000,5,54,540
120000,1,12,120
145000,1,14,145
50000,5,50,500
115000,1,11,115
35000,3,35,350
136190,1,13,136
35880,3,35,358
35000,3,35,350
365000,3,36,365
150000,1,15,150
130000,1,13,130
100000,1,10,100
206000,2,20,206
100000,1,10,100
30000,3,30,300
140000,1,14,140
260000,2,26,260
70000,7,70,700
108622,1,10,108
63000,6,63,630
120000,1,12,120
246375,2,24,246
71175,7,71,711
100000,1,10,100
60000,6,60,600
130000,1,13,130
168630,1,16,168
50000,5,50,500
120450,1,12,120
65700,6,65,657
141100,1,14,141
50000,5,50,500
150000,1,15,150
55000,5,55,550
95331,9,95,953
100000,1,10,100
150000,1,15,150
65000,6,65,650
100000,1,10,100
336500,3,33,336
50000,5,50,500
300000,3,30,300
250000,2,25,250
100200,1,10,100
25000,2,25,250
71175,7,71,711
120000,1,12,120
180000,1,18,180
98770,9,98,987
60000,6,60,600
100464,1,10,100
192000,1,19,192
55148,5,55,551
55000,5,55,550
25000,2,25,250
100000,1,10,100
122000,1,12,122
73915,7,73,739
28000,2,28,280
100000,1,10,100
25000,2,25,250
500000,5,50,500
128000,1,12,128
114487,1,11,114
250000,2,25,250
136866,1,13,136
700000,7,70,700
113200,1,11,113
71175,7,71,711
95000,9,95,950
100000,1,10,100
118808,1,11,118
130043,1,13,130
200000,2,20,200
240000,2,24,240
39000,3,39,390
200000,2,20,200
52000,5,52,520
105000,1,10,105
115000,1,11,115
53611,5,53,536
200000,2,20,200
172989,1,17,172
24000,2,24,240
360000,3,36,360
88600,8,88,886
109500,1,10,109
107310,1,10,107
250000,2,25,250
95000,9,95,950
99000,9,99,990
158775,1,15,158
164250,1,16,164
178754,1,17,178
109500,1,10,109
200000,2,20,200
40000,4,40,400
140000,1,14,140
84000,8,84,840
123735,1,12,123
72000,7,72,720
100000,1,10,100
153300,1,15,153
100000,1,10,100
49617,4,49,496
229950,2,22,229
20800,2,20,208
65000,6,65,650
93075,9,93,930
80000,8,80,800
52000,5,52,520
100000,1,10,100
58000,5,58,580
88257,8,88,882
60000,6,60,600
88055,8,88,880
1200000,1,12,120
120000,1,12,120
300000,3,30,300
93075,9,93,930
150000,1,15,150
81184,8,81,811
99554,9,99,995
50000,5,50,500
50000,5,50,500
100000,1,10,100
119959,1,11,119
78192,7,78,781
145000,1,14,145
89350,8,89,893
50000,5,50,500
80000,8,80,800
100000,1,10,100
40000,4,40,400
462619,4,46,462
200000,2,20,200
145000,1,14,145
98550,9,98,985
70000,7,70,700
50000,5,50,500
515000,5,51,515
65000,6,65,650
160000,1,16,160
100000,1,10,100
65000,6,65,650
97000,9,97,970
50000,5,50,500
118000,1,11,118
65000,6,65,650
1500000,1,15,150
100000,1,10,100
100000,1,10,100
58420,5,58,584
58000,5,58,580
49275,4,49,492
515000,5,51,515
60800,6,60,608
125000,1,12,125
36525,3,36,365
290000,2,29,290
112785,1,11,112
72711,7,72,727
110000,1,11,110
90000,9,90,900
180000,1,18,180
40000,4,40,400
81312,8,81,813
70000,7,70,700
555286,5,55,555
157646,1,15,157
150000,1,15,150
200000,2,20,200
90000,9,90,900
50000,5,50,500
163520,1,16,163
120000,1,12,120
103658,1,10,103
45000,4,45,450
220000,2,22,220
100000,1,10,100
90000,9,90,900
140000,1,14,140
62000,6,62,620
100000,1,10,100
95664,9,95,956
1000000,1,10,100
120000,1,12,120
52338,5,52,523
134685,1,13,134
250000,2,25,250
111690,1,11,111
94000,9,94,940
105000,1,10,105
77000,7,77,770
40000,4,40,400
40000,4,40,400
71175,7,71,711
100000,1,10,100
200000,2,20,200
80000,8,80,800
1000000,1,10,100
170000,1,17,170
54000,5,54,540
45000,4,45,450
57600,5,57,576
46800,4,46,468
72313,7,72,723
226430,2,22,226
365000,3,36,365
54750,5,54,547
50000,5,50,500
208000,2,20,208
63000,6,63,630
10000,1,10,100
75000,7,75,750
256960,2,25,256
100000,1,10,100
50000,5,50,500
220000,2,22,220
100000,1,10,100
100000,1,10,100
10346,1,10,103
88000,8,88,880
170000,1,17,170
300000,3,30,300
200000,2,20,200
105000,1,10,105
190000,1,19,190
72500,7,72,725
109500,1,10,109
220000,2,22,220
320000,3,32,320
172000,1,17,172
150000,1,15,150
45000,4,45,450
100000,1,10,100
109500,1,10,109
246000,2,24,246
65700,6,65,657
280000,2,28,280
74460,7,74,744
117856,1,11,117
144000,1,14,144
75000,7,75,750
50000,5,50,500
100000,1,10,100
50000,5,50,500
135000,1,13,135
170000,1,17,170
76650,7,76,766
210240,2,21,210
50000,5,50,500
125925,1,12,125
320000,3,32,320
77000,7,77,770
484860,4,48,484
66000,6,66,660
178000,1,17,178
120000,1,12,120
100000,1,10,100
140000,1,14,140
90000,9,90,900
90000,9,90,900
77150,7,77,771
72000,7,72,720
16800,1,16,168
95000,9,95,950
500000,5,50,500
55000,5,55,550
7858,7,78,785
10000,1,10,100
96585,9,96,965
200000,2,20,200
80000,8,80,800
104721,1,10,104
117000,1,11,117
158775,1,15,158
86000,8,86,860
170150,1,17,170
100000,1,10,100
360000,3,36,360
200000,2,20,200
200000,2,20,200
55000,5,55,550
131400,1,13,131
100000,1,10,100
128500,1,12,128
65000,6,65,650
100000,1,10,100
137000,1,13,137
110000,1,11,110
165000,1,16,165
90885,9,90,908
200000,2,20,200
480000,4,48,480
144540,1,14,144
100000,1,10,100
20000,2,20,200
92000,9,92,920
114975,1,11,114
80000,8,80,800
100000,1,10,100
78624,7,78,786
40000,4,40,400
120000,1,12,120
56763,5,56,567
100000,1,10,100
100740,1,10,100
100000,1,10,100
39000,3,39,390
69905,6,69,699
90000,9,90,900
300000,3,30,300
80000,8,80,800
153300,1,15,153
276373,2,27,276
306600,3,30,306
210000,2,21,210
107260,1,10,107
240000,2,24,240
170000,1,17,170
144000,1,14,144
100000,1,10,100
500000,5,50,500
240000,2,24,240
100000,1,10,100
100000,1,10,100
146000,1,14,146
55000,5,55,550
100000,1,10,100
225000,2,22,225
144000,1,14,144
87600,8,87,876
100000,1,10,100
67000,6,67,670
100000,1,10,100
140000,1,14,140
75555,7,75,755
262800,2,26,262
85000,8,85,850
122556,1,12,122
53655,5,53,536
66000,6,66,660
76032,7,76,760
119900,1,11,119
80000,8,80,800
52000,5,52,520
250000,2,25,250
145000,1,14,145
120000,1,12,120
59933,5,59,599
114975,1,11,114
1200000,1,12,120
200000,2,20,200
100000,1,10,100
68100,6,68,681
74986,7,74,749
267112,2,26,267
180000,1,18,180
71500,7,71,715
160000,1,16,160
136875,1,13,136
34173,3,34,341
89471,8,89,894
43800,4,43,438
125930,1,12,125
35000,3,35,350
216000,2,21,216
80000,8,80,800
142500,1,14,142
98000,9,98,980
100440,1,10,100
70000,7,70,700
70000,7,70,700
236797,2,23,236
104777,1,10,104
140000,1,14,140
239615,2,23,239
48000,4,48,480
210530,2,21,210
100000,1,10,100
120000,1,12,120
52000,5,52,520
102000,1,10,102
362000,3,36,362
65000,6,65,650
197100,1,19,197
93000,9,93,930
95265,9,95,952
74000,7,74,740
100000,1,10,100
60000,6,60,600
17550,1,17,175
150000,1,15,150
83714,8,83,837
35000,3,35,350
40000,4,40,400
100000,1,10,100
97456,9,97,974
207000,2,20,207
125000,1,12,125
123000,1,12,123
109500,1,10,109
80000,8,80,800
66500,6,66,665
100000,1,10,100
130000,1,13,130
120000,1,12,120
80000,8,80,800
235000,2,23,235
87600,8,87,876
93138,9,93,931
75000,7,75,750
55000,5,55,550
120000,1,12,120
100000,1,10,100
143850,1,14,143
120000,1,12,120
37000,3,37,370
300000,3,30,300
39655,3,39,396
133000,1,13,133
140000,1,14,140
150000,1,15,150
140000,1,14,140
200000,2,20,200
100000,1,10,100
560000,5,56,560
120000,1,12,120
94000,9,94,940
415000,4,41,415
146430,1,14,146
110000,1,11,110
170000,1,17,170
125000,1,12,125
38000,3,38,380
100000,1,10,100
197100,1,19,197
86505,8,86,865
1200000,1,12,120
57000,5,57,570
1700000,1,17,170
64000,6,64,640
150000,1,15,150
5000,5,50,500
150000,1,15,150
50000,5,50,500
200000,2,20,200
60000,6,60,600
80000,8,80,800
337000,3,33,337
45171,4,45,451
300000,3,30,300
107000,1,10,107
239615,2,23,239
50000,5,50,500
105008,1,10,105
68500,6,68,685
136240,1,13,136
186150,1,18,186
108000,1,10,108
330000,3,33,330
120000,1,12,120
353000,3,35,353
70000,7,70,700
100000,1,10,100
51600,5,51,516
125000,1,12,125
150000,1,15,150
75000,7,75,750
205000,2,20,205
116355,1,11,116
25000,2,25,250
186150,1,18,186
59933,5,59,599
81433,8,81,814
98000,9,98,980
146036,1,14,146
131000,1,13,131
100000,1,10,100
69000,6,69,690
290000,2,29,290
90000,9,90,900
68000,6,68,680
153300,1,15,153
200000,2,20,200
61000,6,61,610
100464,1,10,100
570000,5,57,570
80000,8,80,800
54000,5,54,540
87600,8,87,876
80000,8,80,800
131400,1,13,131
90000,9,90,900
70040,7,70,700
262800,2,26,262
110000,1,11,110
100622,1,10,100
10000,1,10,100
90444,9,90,904
50000,5,50,500
30000,3,30,300
144270,1,14,144
180000,1,18,180
65000,6,65,650
219000,2,21,219
51000,5,51,510
90000,9,90,900
200000,2,20,200
52000,5,52,520
215000,2,21,215
96000,9,96,960
180000,1,18,180
54000,5,54,540
180000,1,18,180
93728,9,93,937
60000,6,60,600
153300,1,15,153
200000,2,20,200
78000,7,78,780
80000,8,80,800
2450000,2,24,245
35000,3,35,350
43800,4,43,438
75555,7,75,755
100000,1,10,100
51000,5,51,510
175000,1,17,175
101772,1,10,101
150000,1,15,150
72500,7,72,725
100000,1,10,100
100000,1,10,100
164240,1,16,164
41600,4,41,416
260000,2,26,260
25000,2,25,250
50000,5,50,500
85475,8,85,854
50000,5,50,500
25000,2,25,250
81139,8,81,811
123000,1,12,123
50000,5,50,500
23500,2,23,235
43800,4,43,438
160000,1,16,160
132000,1,13,132
50000,5,50,500
27500,2,27,275
111674,1,11,111
265000,2,26,265
49275,4,49,492
65000,6,65,650
250000,2,25,250
180000,1,18,180
10400,1,10,104
100000,1,10,100
341170,3,34,341
76650,7,76,766
60000,6,60,600
111000,1,11,111
36111,3,36,361
100000,1,10,100
44500,4,44,445
95000,9,95,950
82000,8,82,820
197968,1,19,197
151110,1,15,151
100000,1,10,100
400000,4,40,400
65000,6,65,650
15000,1,15,150
100000,1,10,100
181462,1,18,181
10000,1,10,100
135922,1,13,135
100000,1,10,100
127072,1,12,127
190000,1,19,190
424000,4,42,424
70000,7,70,700
172500,1,17,172
89000,8,89,890
70000,7,70,700
80000,8,80,800
30000,3,30,300
55000,5,55,550
107310,1,10,107
267000,2,26,267
210000,2,21,210
150000,1,15,150
55000,5,55,550
150000,1,15,150
50000,5,50,500
70000,7,70,700
114999,1,11,114
110000,1,11,110
100000,1,10,100
95798,9,95,957
62400,6,62,624
97000,9,97,970
93075,9,93,930
60000,6,60,600
45000,4,45,450
100000,1,10,100
10000,1,10,100
36400,3,36,364
43000,4,43,430
45000,4,45,450
100000,1,10,100
90000,9,90,900
120000,1,12,120
143445,1,14,143
270000,2,27,270
93886,9,93,938
55000,5,55,550
100000,1,10,100
109500,1,10,109
239600,2,23,239
100000,1,10,100
50000,5,50,500
87300,8,87,873
60000,6,60,600
229697,2,22,229
40421,4,40,404
100000,1,10,100
87600,8,87,876
58420,5,58,584
20000,2,20,200
112000,1,11,112
130000,1,13,130
133590,1,13,133
151000,1,15,151
64000,6,64,640
76650,7,76,766
148086,1,14,148
45000,4,45,450
265835,2,26,265
95000,9,95,950
159029,1,15,159
30000,3,30,300
171000,1,17,171
150000,1,15,150
100272,1,10,100
150000,1,15,150
52000,5,52,520
157000,1,15,157
75000,7,75,750
60000,6,60,600
70351,7,70,703
240000,2,24,240
109500,1,10,109
616000,6,61,616
15000,1,15,150
108000,1,10,108
417000,4,41,417
5000,5,50,500
150000,1,15,150
160000,1,16,160
87549,8,87,875
200000,2,20,200
219000,2,21,219
46000,4,46,460
120000,1,12,120
120000,1,12,120
145000,1,14,145
74200,7,74,742
60470,6,60,604
121494,1,12,121
48785,4,48,487
125925,1,12,125
80000,8,80,800
160000,1,16,160
120000,1,12,120
56940,5,56,569
130000,1,13,130
127676,1,12,127
70000,7,70,700
50000,5,50,500
140000,1,14,140
400000,4,40,400
125000,1,12,125
78000,7,78,780
125925,1,12,125
80000,8,80,800
75000,7,75,750
70000,7,70,700
164496,1,16,164
300000,3,30,300
168630,1,16,168
153296,1,15,153
150000,1,15,150
150000,1,15,150
85000,8,85,850
104000,1,10,104
87600,8,87,876
70000,7,70,700
98550,9,98,985
164250,1,16,164
10000,1,10,100
10000,1,10,100
132420,1,13,132
80000,8,80,800
11000,1,11,110
100000,1,10,100
180000,1,18,180
50000,5,50,500
200000,2,20,200
28000,2,28,280
138474,1,13,138
98550,9,98,985
200000,2,20,200
61000,6,61,610
60000,6,60,600
140000,1,14,140
250000,2,25,250
30000,3,30,300
183000,1,18,183
110530,1,11,110
70000,7,70,700
100000,1,10,100
147825,1,14,147
160000,1,16,160
90000,9,90,900
97511,9,97,975
158550,1,15,158
95000,9,95,950
90000,9,90,900
105000,1,10,105
164250,1,16,164
200000,2,20,200
250000,2,25,250
125000,1,12,125
62000,6,62,620
71000,7,71,710
89200,8,89,892
100000,1,10,100
140000,1,14,140
60000,6,60,600
65000,6,65,650
117000,1,11,117
68000,6,68,680
100000,1,10,100
140000,1,14,140
40000,4,40,400
65700,6,65,657
229783,2,22,229
130000,1,13,130
300000,3,30,300
50000,5,50,500
100000,1,10,100
25000,2,25,250
540000,5,54,540
150000,1,15,150
70000,7,70,700
150000,1,15,150
49275,4,49,492
300000,3,30,300
60000,6,60,600
44000,4,44,440
220000,2,22,220
300000,3,30,300
18000,1,18,180
75000,7,75,750
79497,7,79,794
110000,1,11,110
100000,1,10,100
74000,7,74,740
60000,6,60,600
320000,3,32,320
89790,8,89,897
58000,5,58,580
231000,2,23,231
30000,3,30,300
265000,2,26,265
80000,8,80,800
100000,1,10,100
100000,1,10,100
45000,4,45,450
69134,6,69,691
120000,1,12,120
42000,4,42,420
1000000,1,10,100
96000,9,96,960
90000,9,90,900
70000,7,70,700
130000,1,13,130
86993,8,86,869
100000,1,10,100
120450,1,12,120
100000,1,10,100
150000,1,15,150
83288,8,83,832
150000,1,15,150
100000,1,10,100
150000,1,15,150
168790,1,16,168
70000,7,70,700
80000,8,80,800
60000,6,60,600
140000,1,14,140
150000,1,15,150
26000,2,26,260
225000,2,22,225
100000,1,10,100
85000,8,85,850
75000,7,75,750
35000,3,35,350
84315,8,84,843
90000,9,90,900
78276,7,78,782
133128,1,13,133
110000,1,11,110
142000,1,14,142
845000,8,84,845
25000,2,25,250
124020,1,12,124
87600,8,87,876
35000,3,35,350
320000,3,32,320
78500,7,78,785
35000,3,35,350
150000,1,15,150
82602,8,82,826
56940,5,56,569
100000,1,10,100
100000,1,10,100
171000,1,17,171
90000,9,90,900
100000,1,10,100
105000,1,10,105
25000,2,25,250
142350,1,14,142
137970,1,13,137
82000,8,82,820
25000,2,25,250
100000,1,10,100
100000,1,10,100
100000,1,10,100
41610,4,41,416
50685,5,50,506
25000,2,25,250
80000,8,80,800
147000,1,14,147
150000,1,15,150
130000,1,13,130
52000,5,52,520
140000,1,14,140
95000,9,95,950
20000,2,20,200
180675,1,18,180
50000,5,50,500
10000,1,10,100
250000,2,25,250
98000,9,98,980
75000,7,75,750
91000,9,91,910
105000,1,10,105
195000,1,19,195
90000,9,90,900
330000,3,33,330
300000,3,30,300
38325,3,38,383
70250,7,70,702
93930,9,93,939
80000,8,80,800
490000,4,49,490
95004,9,95,950
168000,1,16,168
78000,7,78,780
98000,9,98,980
400000,4,40,400
94170,9,94,941
322619,3,32,322
335334,3,33,335
80000,8,80,800
150000,1,15,150
59933,5,59,599
350000,3,35,350
75000,7,75,750
90000,9,90,900
100000,1,10,100
62400,6,62,624
200000,2,20,200
190000,1,19,190
150000,1,15,150
100000,1,10,100
109500,1,10,109
89790,8,89,897
48399,4,48,483
53000,5,53,530
60000,6,60,600
54750,5,54,547
98550,9,98,985
44500,4,44,445
70746,7,70,707
77443,7,77,774
92500,9,92,925
160000,1,16,160
100000,1,10,100
109500,1,10,109
82000,8,82,820
100622,1,10,100
200000,2,20,200
158000,1,15,158
40000,4,40,400
69178,6,69,691
100000,1,10,100
91637,9,91,916
80000,8,80,800
150000,1,15,150
30000,3,30,300
190000,1,19,190
94045,9,94,940
180000,1,18,180
60000,6,60,600
50000,5,50,500
15000,1,15,150
150000,1,15,150
240000,2,24,240
150000,1,15,150
25000,2,25,250
900000,9,90,900
100000,1,10,100
56000,5,56,560
100000,1,10,100
80000,8,80,800
214000,2,21,214
50000,5,50,500
125925,1,12,125
244000,2,24,244
164250,1,16,164
250000,2,25,250
208050,2,20,208
90000,9,90,900
260000,2,26,260
280000,2,28,280
220000,2,22,220
131400,1,13,131
80780,8,80,807
120000,1,12,120
300000,3,30,300
91339,9,91,913
30000,3,30,300
93075,9,93,930
133500,1,13,133
197100,1,19,197
50000,5,50,500
15000,1,15,150
160000,1,16,160
250000,2,25,250
50000,5,50,500
76000,7,76,760
21900,2,21,219
100000,1,10,100
90000,9,90,900
62000,6,62,620
100000,1,10,100
89790,8,89,897
320000,3,32,320
225000,2,22,225
330000,3,33,330
175000,1,17,175
112785,1,11,112
240000,2,24,240
81304,8,81,813
230000,2,23,230
400000,4,40,400
517318,5,51,517
98550,9,98,985
120000,1,12,120
85475,8,85,854
80000,8,80,800
55000,5,55,550
76000,7,76,760
60000,6,60,600
50000,5,50,500
180000,1,18,180
400000,4,40,400
266292,2,26,266
185000,1,18,185
90000,9,90,900
22000,2,22,220
177390,1,17,177
150000,1,15,150
65000,6,65,650
37000,3,37,370
20000,2,20,200
80000,8,80,800
66000,6,66,660
900000,9,90,900
76650,7,76,766
143154,1,14,143
9600,9,96,960
183600,1,18,183
200000,2,20,200
105530,1,10,105
40000,4,40,400
170000,1,17,170
65000,6,65,650
75555,7,75,755
96798,9,96,967
100000,1,10,100
50000,5,50,500
41860,4,41,418
250000,2,25,250
74460,7,74,744
124260,1,12,124
90000,9,90,900
64000,6,64,640
349307,3,34,349
140000,1,14,140
140000,1,14,140
76650,7,76,766
92000,9,92,920
100000,1,10,100
61320,6,61,613
100000,1,10,100
120000,1,12,120
195000,1,19,195
50000,5,50,500
172000,1,17,172
100000,1,10,100
107310,1,10,107
134200,1,13,134
142350,1,14,142
102000,1,10,102
26000,2,26,260
71000,7,71,710
57147,5,57,571
206854,2,20,206
93600,9,93,936
104000,1,10,104
38000,3,38,380
10000,1,10,100
133380,1,13,133
100000,1,10,100
72000,7,72,720
164912,1,16,164
40000,4,40,400
10000,1,10,100
52000,5,52,520
24000,2,24,240
48000,4,48,480
275000,2,27,275
150000,1,15,150
177000,1,17,177
24800,2,24,248
450000,4,45,450
130000,1,13,130
80942,8,80,809
61024,6,61,610
350000,3,35,350
84000,8,84,840
50000,5,50,500
102716,1,10,102
129725,1,12,129
270000,2,27,270
82977,8,82,829
75000,7,75,750
59240,5,59,592
100000,1,10,100
66500,6,66,665
80000,8,80,800
75000,7,75,750
36000,3,36,360
158775,1,15,158
65000,6,65,650
132000,1,13,132
198000,1,19,198
36000,3,36,360
60000,6,60,600
105000,1,10,105
277821,2,27,277
181000,1,18,181
108000,1,10,108
95413,9,95,954
100000,1,10,100
130000,1,13,130
54750,5,54,547
87500,8,87,875
65700,6,65,657
240000,2,24,240
70000,7,70,700
150000,1,15,150
80000,8,80,800
120000,1,12,120
110000,1,11,110
53650,5,53,536
73000,7,73,730
60000,6,60,600
120000,1,12,120
350000,3,35,350
174000,1,17,174
60000,6,60,600
60000,6,60,600
55000,5,55,550
60000,6,60,600
71175,7,71,711
80000,8,80,800
56000,5,56,560
186000,1,18,186
65700,6,65,657
125458,1,12,125
74415,7,74,744
400000,4,40,400
104000,1,10,104
140000,1,14,140
180000,1,18,180
10000,1,10,100
40000,4,40,400
80000,8,80,800
100000,1,10,100
20000,2,20,200
34000,3,34,340
50000,5,50,500
100000,1,10,100
97000,9,97,970
146730,1,14,146
220000,2,22,220
126000,1,12,126
109000,1,10,109
85000,8,85,850
100000,1,10,100
10000,1,10,100
240000,2,24,240
175000,1,17,175
53108,5,53,531
300000,3,30,300
150000,1,15,150
58587,5,58,585
100000,1,10,100
54750,5,54,547
90000,9,90,900
66000,6,66,660
98550,9,98,985
32850,3,32,328
44895,4,44,448
150000,1,15,150
90000,9,90,900
150000,1,15,150
29832,2,29,298
95000,9,95,950
120000,1,12,120
60000,6,60,600
140000,1,14,140
112000,1,11,112
50000,5,50,500
60000,6,60,600
3000000,3,30,300
98550,9,98,985
109500,1,10,109
300000,3,30,300
600000,6,60,600
100000,1,10,100
70000,7,70,700
300000,3,30,300
162159,1,16,162
180000,1,18,180
110000,1,11,110
197728,1,19,197
120000,1,12,120
58000,5,58,580
197100,1,19,197
56000,5,56,560
300000,3,30,300
60000,6,60,600
80000,8,80,800
100740,1,10,100
125000,1,12,125
89343,8,89,893
80000,8,80,800
88000,8,88,880
62447,6,62,624
65000,6,65,650
90000,9,90,900
65700,6,65,657
15000,1,15,150
350000,3,35,350
350000,3,35,350
75000,7,75,750
42000,4,42,420
133590,1,13,133
50228,5,50,502
60225,6,60,602
100000,1,10,100
130000,1,13,130
100000,1,10,100
90000,9,90,900
380000,3,38,380
100000,1,10,100
20000,2,20,200
39000,3,39,390
117000,1,11,117
74868,7,74,748
58136,5,58,581
100000,1,10,100
100000,1,10,100
100000,1,10,100
85000,8,85,850
50000,5,50,500
75000,7,75,750
460000,4,46,460
100000,1,10,100
60000,6,60,600
280000,2,28,280
71250,7,71,712
189650,1,18,189
112000,1,11,112
28500,2,28,285
216000,2,21,216
140000,1,14,140
41000,4,41,410
30000,3,30,300
30000,3,30,300
91104,9,91,911
15000,1,15,150
38600,3,38,386
108000,1,10,108
80000,8,80,800
43394,4,43,433
100000,1,10,100
77000,7,77,770
65700,6,65,657
78000,7,78,780
113000,1,11,113
100000,1,10,100
150000,1,15,150
10000,1,10,100
30000,3,30,300
300000,3,30,300
5000,5,50,500
65000,6,65,650
30000,3,30,300
250000,2,25,250
220000,2,22,220
100000,1,10,100
64000,6,64,640
89571,8,89,895
37000,3,37,370
10000,1,10,100
40000,4,40,400
50000,5,50,500
43000,4,43,430
380000,3,38,380
100000,1,10,100
74000,7,74,740
45267,4,45,452
157680,1,15,157
90000,9,90,900
200000,2,20,200
34200,3,34,342
104000,1,10,104
60000,6,60,600
41000,4,41,410
35000,3,35,350
150000,1,15,150
70000,7,70,700
40000,4,40,400
84122,8,84,841
76650,7,76,766
60000,6,60,600
150000,1,15,150
110000,1,11,110
375894,3,37,375
150000,1,15,150
25000,2,25,250
55845,5,55,558
100000,1,10,100
109000,1,10,109
99456,9,99,994
45000,4,45,450
52000,5,52,520
200000,2,20,200
100000,1,10,100
212000,2,21,212
57000,5,57,570
44895,4,44,448
100000,1,10,100
58500,5,58,585
206955,2,20,206
150000,1,15,150
32000,3,32,320
5000,5,50,500
74100,7,74,741
200000,2,20,200
120450,1,12,120
71000,7,71,710
80000,8,80,800
50000,5,50,500
640000,6,64,640
88000,8,88,880
130000,1,13,130
43800,4,43,438
80000,8,80,800
350000,3,35,350
109500,1,10,109
76840,7,76,768
39000,3,39,390
295650,2,29,295
28000,2,28,280
100000,1,10,100
80000,8,80,800
164250,1,16,164
66795,6,66,667
106530,1,10,106
50000,5,50,500
60000,6,60,600
17520,1,17,175
72000,7,72,720
72000,7,72,720
120000,1,12,120
240000,2,24,240
78000,7,78,780
152205,1,15,152
24000,2,24,240
200000,2,20,200
50000,5,50,500
228000,2,22,228
45000,4,45,450
171557,1,17,171
123735,1,12,123
173794,1,17,173
56926,5,56,569
110000,1,11,110
100000,1,10,100
93000,9,93,930
200000,2,20,200
250000,2,25,250
80000,8,80,800
110000,1,11,110
55000,5,55,550
65700,6,65,657
50000,5,50,500
23487,2,23,234
300000,3,30,300
81094,8,81,810
278538,2,27,278
100000,1,10,100
91695,9,91,916
86505,8,86,865
220000,2,22,220
100000,1,10,100
100000,1,10,100
99280,9,99,992
50000,5,50,500
75000,7,75,750
166000,1,16,166
250000,2,25,250
42662,4,42,426
120450,1,12,120
39000,3,39,390
65000,6,65,650
120000,1,12,120
70000,7,70,700
72000,7,72,720
150000,1,15,150
52500,5,52,525
147825,1,14,147
145000,1,14,145
300000,3,30,300
61900,6,61,619
450000,4,45,450
535200,5,53,535
85000,8,85,850
85000,8,85,850
220000,2,22,220
52096,5,52,520
80000,8,80,800
98550,9,98,985
180000,1,18,180
151000,1,15,151
150000,1,15,150
31500,3,31,315
350000,3,35,350
400000,4,40,400
163688,1,16,163
200000,2,20,200
64400,6,64,644
330000,3,33,330
350000,3,35,350
100000,1,10,100
197100,1,19,197
140000,1,14,140
224200,2,22,224
55000,5,55,550
110000,1,11,110
90000,9,90,900
100000,1,10,100
80000,8,80,800
190000,1,19,190
78352,7,78,783
172000,1,17,172
71500,7,71,715
80154,8,80,801
120000,1,12,120
130000,1,13,130
60000,6,60,600
106892,1,10,106
134160,1,13,134
125000,1,12,125
147825,1,14,147
120000,1,12,120
25000,2,25,250
100000,1,10,100
80000,8,80,800
105643,1,10,105
180000,1,18,180
400000,4,40,400
50000,5,50,500
10000,1,10,100
61000,6,61,610
140000,1,14,140
190000,1,19,190
54750,5,54,547
71175,7,71,711
102930,1,10,102
127557,1,12,127
70000,7,70,700
98550,9,98,985
80000,8,80,800
95084,9,95,950
60225,6,60,602
130000,1,13,130
64000,6,64,640
175000,1,17,175
279307,2,27,279
120000,1,12,120
100000,1,10,100
125000,1,12,125
383000,3,38,383
250000,2,25,250
160000,1,16,160
50000,5,50,500
80000,8,80,800
91014,9,91,910
20000,2,20,200
74000,7,74,740
50000,5,50,500
180000,1,18,180
260000,2,26,260
95000,9,95,950
53000,5,53,530
172000,1,17,172
80000,8,80,800
223968,2,22,223
100000,1,10,100
87600,8,87,876
108000,1,10,108
175200,1,17,175
65000,6,65,650
109500,1,10,109
100000,1,10,100
42000,4,42,420
32300,3,32,323
250000,2,25,250
104025,1,10,104
99910,9,99,999
155000,1,15,155
43000,4,43,430
150000,1,15,150
133440,1,13,133
40000,4,40,400
5000,5,50,500
275000,2,27,275
160000,1,16,160
50000,5,50,500
90000,9,90,900
84250,8,84,842
75000,7,75,750
65000,6,65,650
60225,6,60,602
80000,8,80,800
100000,1,10,100
180000,1,18,180
229950,2,22,229
400000,4,40,400
82500,8,82,825
52000,5,52,520
88971,8,88,889
134937,1,13,134
2000,2,20,200
250000,2,25,250
250000,2,25,250
98550,9,98,985
55000,5,55,550
80000,8,80,800
240000,2,24,240
240000,2,24,240
328500,3,32,328
35000,3,35,350
320000,3,32,320
109500,1,10,109
196005,1,19,196
95940,9,95,959
30000,3,30,300
170000,1,17,170
220000,2,22,220
55000,5,55,550
80000,8,80,800
110000,1,11,110
500000,5,50,500
660000,6,66,660
100000,1,10,100
107600,1,10,107
195000,1,19,195
136875,1,13,136
285000,2,28,285
240000,2,24,240
75000,7,75,750
157680,1,15,157
98550,9,98,985
54000,5,54,540
221190,2,22,221
242000,2,24,242
40000,4,40,400
84500,8,84,845
102000,1,10,102
266000,2,26,266
100000,1,10,100
183960,1,18,183
220000,2,22,220
85000,8,85,850
150000,1,15,150
180000,1,18,180
213037,2,21,213
40000,4,40,400
195000,1,19,195
100000,1,10,100
100000,1,10,100
350000,3,35,350
100000,1,10,100
45000,4,45,450
228310,2,22,228
71175,7,71,711
450000,4,45,450
188000,1,18,188
38000,3,38,380
50000,5,50,500
140000,1,14,140
61000,6,61,610
60000,6,60,600
100000,1,10,100
160000,1,16,160
180000,1,18,180
50000,5,50,500
100000,1,10,100
120000,1,12,120
261600,2,26,261
38979,3,38,389
82707,8,82,827
65000,6,65,650
250000,2,25,250
95265,9,95,952
50000,5,50,500
200000,2,20,200
272244,2,27,272
175000,1,17,175
87600,8,87,876
51164,5,51,511
87600,8,87,876
220000,2,22,220
230000,2,23,230
43640,4,43,436
30000,3,30,300
97000,9,97,970
117222,1,11,117
243000,2,24,243
74000,7,74,740
500000,5,50,500
87000,8,87,870
45000,4,45,450
55000,5,55,550
143520,1,14,143
135000,1,13,135
65000,6,65,650
150000,1,15,150
67850,6,67,678
40000,4,40,400
55845,5,55,558
110912,1,11,110
64000,6,64,640
130000,1,13,130
80000,8,80,800
160000,1,16,160
110000,1,11,110
114218,1,11,114
49287,4,49,492
75000,7,75,750
270000,2,27,270
88000,8,88,880
50000,5,50,500
105000,1,10,105
109500,1,10,109
42500,4,42,425
160000,1,16,160
180000,1,18,180
70000,7,70,700
33540,3,33,335
102000,1,10,102
128180,1,12,128
50000,5,50,500
90000,9,90,900
84000,8,84,840
82125,8,82,821
100000,1,10,100
40000,4,40,400
46800,4,46,468
150000,1,15,150
140625,1,14,140
100000,1,10,100
90406,9,90,904
71175,7,71,711
83000,8,83,830
100000,1,10,100
150000,1,15,150
41973,4,41,419
49275,4,49,492
262500,2,26,262
70000,7,70,700
163000,1,16,163
300000,3,30,300
16900,1,16,169
450000,4,45,450
125000,1,12,125
30000,3,30,300
85410,8,85,854
37700,3,37,377
42000,4,42,420
41209,4,41,412
109500,1,10,109
600000,6,60,600
150000,1,15,150
164250,1,16,164
131000,1,13,131
350000,3,35,350
34000,3,34,340
300000,3,30,300
76650,7,76,766
10000,1,10,100
100000,1,10,100
50000,5,50,500
158794,1,15,158
60000,6,60,600
60000,6,60,600
55500,5,55,555
100000,1,10,100
50000,5,50,500
40000,4,40,400
50000,5,50,500
93075,9,93,930
95200,9,95,952
74965,7,74,749
50000,5,50,500
85000,8,85,850
100000,1,10,100
51500,5,51,515
65000,6,65,650
97032,9,97,970
55680,5,55,556
100000,1,10,100
130000,1,13,130
41600,4,41,416
100000,1,10,100
100000,1,10,100
65700,6,65,657
130000,1,13,130
85000,8,85,850
219000,2,21,219
164250,1,16,164
164250,1,16,164
100000,1,10,100
66000,6,66,660
158775,1,15,158
90000,9,90,900
190000,1,19,190
108000,1,10,108
150000,1,15,150
50000,5,50,500
60000,6,60,600
40000,4,40,400
80000,8,80,800
100000,1,10,100
174000,1,17,174
95000,9,95,950
50000,5,50,500
1000000,1,10,100
65000,6,65,650
800000,8,80,800
190000,1,19,190
57000,5,57,570
100000,1,10,100
250000,2,25,250
44895,4,44,448
60225,6,60,602
100000,1,10,100
58500,5,58,585
91000,9,91,910
67000,6,67,670
100000,1,10,100
55000,5,55,550
100000,1,10,100
320000,3,32,320
136175,1,13,136
200000,2,20,200
111999,1,11,111
200000,2,20,200
40000,4,40,400
76650,7,76,766
65700,6,65,657
220000,2,22,220
96000,9,96,960
68000,6,68,680
46000,4,46,460
260000,2,26,260
120450,1,12,120
500000,5,50,500
120000,1,12,120
90000,9,90,900
100000,1,10,100
180000,1,18,180
29600,2,29,296
101350,1,10,101
95000,9,95,950
85410,8,85,854
72000,7,72,720
115000,1,11,115
146300,1,14,146
98000,9,98,980
250000,2,25,250
93075,9,93,930
300000,3,30,300
225000,2,22,225
40000,4,40,400
150000,1,15,150
182000,1,18,182
108000,1,10,108
70000,7,70,700
129525,1,12,129
35040,3,35,350
140000,1,14,140
24000,2,24,240
59405,5,59,594
270000,2,27,270
30000,3,30,300
110000,1,11,110
40000,4,40,400
35000,3,35,350
79726,7,79,797
114061,1,11,114
40000,4,40,400
150000,1,15,150
83000,8,83,830
58567,5,58,585
80000,8,80,800
128180,1,12,128
440000,4,44,440
100000,1,10,100
142350,1,14,142
100000,1,10,100
94000,9,94,940
153300,1,15,153
108400,1,10,108
147825,1,14,147
150000,1,15,150
200000,2,20,200
102000,1,10,102
500000,5,50,500
40320,4,40,403
150000,1,15,150
100000,1,10,100
91250,9,91,912
72270,7,72,722
60225,6,60,602
100000,1,10,100
200000,2,20,200
200000,2,20,200
219000,2,21,219
55000,5,55,550
300000,3,30,300
138000,1,13,138
107845,1,10,107
150000,1,15,150
100000,1,10,100
66000,6,66,660
135000,1,13,135
55000,5,55,550
150000,1,15,150
82000,8,82,820
244000,2,24,244
100000,1,10,100
138000,1,13,138
125000,1,12,125
40000,4,40,400
55000,5,55,550
30000,3,30,300
100833,1,10,100
93248,9,93,932
52500,5,52,525
52000,5,52,520
62790,6,62,627
300000,3,30,300
70000,7,70,700
181470,1,18,181
30000,3,30,300
98550,9,98,985
66000,6,66,660
180000,1,18,180
5000,5,50,500
100000,1,10,100
199000,1,19,199
50000,5,50,500
260000,2,26,260
98550,9,98,985
320000,3,32,320
90000,9,90,900
150000,1,15,150
174000,1,17,174
64627,6,64,646
250000,2,25,250
42000,4,42,420
72270,7,72,722
57850,5,57,578
250000,2,25,250
93075,9,93,930
235425,2,23,235
178000,1,17,178
200000,2,20,200
250000,2,25,250
50000,5,50,500
50000,5,50,500
120000,1,12,120
73394,7,73,733
79935,7,79,799
125000,1,12,125
133590,1,13,133
100000,1,10,100
100000,1,10,100
284700,2,28,284
153300,1,15,153
250000,2,25,250
100000,1,10,100
116442,1,11,116
240000,2,24,240
250000,2,25,250
17000,1,17,170
42000,4,42,420
80000,8,80,800
240000,2,24,240
153300,1,15,153
104025,1,10,104
60000,6,60,600
200000,2,20,200
265000,2,26,265
80000,8,80,800
104000,1,10,104
108816,1,10,108
72000,7,72,720
103149,1,10,103
170000,1,17,170
84544,8,84,845
180591,1,18,180
131400,1,13,131
80000,8,80,800
180000,1,18,180
145753,1,14,145
200000,2,20,200
10000,1,10,100
39520,3,39,395
10000,1,10,100
30000,3,30,300
83445,8,83,834
150000,1,15,150
180000,1,18,180
130000,1,13,130
160000,1,16,160
45000,4,45,450
79000,7,79,790
60000,6,60,600
131400,1,13,131
136000,1,13,136
74392,7,74,743
180000,1,18,180
375000,3,37,375
52500,5,52,525
100000,1,10,100
110000,1,11,110
100000,1,10,100
200000,2,20,200
10000,1,10,100
49000,4,49,490
140000,1,14,140
100000,1,10,100
100000,1,10,100
100000,1,10,100
67000,6,67,670
62415,6,62,624
43800,4,43,438
60000,6,60,600
49500,4,49,495
213000,2,21,213
166000,1,16,166
60000,6,60,600
1400000,1,14,140
110000,1,11,110
50000,5,50,500
250000,2,25,250
100000,1,10,100
250000,2,25,250
345000,3,34,345
80000,8,80,800
100000,1,10,100
100000,1,10,100
85000,8,85,850
135000,1,13,135
188000,1,18,188
114975,1,11,114
450000,4,45,450
128312,1,12,128
1130000,1,11,113
40000,4,40,400
54750,5,54,547
100000,1,10,100
114975,1,11,114
99000,9,99,990
125000,1,12,125
50000,5,50,500
81000,8,81,810
50000,5,50,500
166175,1,16,166
120000,1,12,120
90000,9,90,900
120000,1,12,120
60000,6,60,600
105200,1,10,105
44846,4,44,448
500000,5,50,500
55750,5,55,557
120000,1,12,120
150000,1,15,150
500000,5,50,500
26000,2,26,260
42704,4,42,427
80000,8,80,800
55000,5,55,550
100000,1,10,100
1200000,1,12,120
47000,4,47,470
100000,1,10,100
230000,2,23,230
36000,3,36,360
350000,3,35,350
250000,2,25,250
610000,6,61,610
125000,1,12,125
120000,1,12,120
55845,5,55,558
80000,8,80,800
139857,1,13,139
81659,8,81,816
190000,1,19,190
109500,1,10,109
50000,5,50,500
70000,7,70,700
65000,6,65,650
400000,4,40,400
100000,1,10,100
128886,1,12,128
74000,7,74,740
136750,1,13,136
100000,1,10,100
154749,1,15,154
220000,2,22,220
100000,1,10,100
120000,1,12,120
284800,2,28,284
114975,1,11,114
99645,9,99,996
95000,9,95,950
100000,1,10,100
150000,1,15,150
110000,1,11,110
200000,2,20,200
400000,4,40,400
1000000,1,10,100
184000,1,18,184
120684,1,12,120
60000,6,60,600
59400,5,59,594
250000,2,25,250
120000,1,12,120
150000,1,15,150
160000,1,16,160
130000,1,13,130
100000,1,10,100
150000,1,15,150
117000,1,11,117
45000,4,45,450
150000,1,15,150
21800,2,21,218
100000,1,10,100
65000,6,65,650
50480,5,50,504
80000,8,80,800
30000,3,30,300
100000,1,10,100
87600,8,87,876
107000,1,10,107
60225,6,60,602
100000,1,10,100
153300,1,15,153
92288,9,92,922
157680,1,15,157
92500,9,92,925
90000,9,90,900
120000,1,12,120
169725,1,16,169
110000,1,11,110
121400,1,12,121
225000,2,22,225
75000,7,75,750
270000,2,27,270
131400,1,13,131
90000,9,90,900
80000,8,80,800
100000,1,10,100
82125,8,82,821
250000,2,25,250
60000,6,60,600
142350,1,14,142
48418,4,48,484
100000,1,10,100
92452,9,92,924
190000,1,19,190
300000,3,30,300
127106,1,12,127
150000,1,15,150
160000,1,16,160
163496,1,16,163
170000,1,17,170
90751,9,90,907
100000,1,10,100
25000,2,25,250
432000,4,43,432
50000,5,50,500
95450,9,95,954
166392,1,16,166
243469,2,24,243
54000,5,54,540
111471,1,11,111
140000,1,14,140
159500,1,15,159
70000,7,70,700
50000,5,50,500
200000,2,20,200
100740,1,10,100
74896,7,74,748
180000,1,18,180
30000,3,30,300
300000,3,30,300
108446,1,10,108
30000,3,30,300
87600,8,87,876
125281,1,12,125
100000,1,10,100
56776,5,56,567
52150,5,52,521
365000,3,36,365
30000,3,30,300
135000,1,13,135
200000,2,20,200
35000,3,35,350
220000,2,22,220
145000,1,14,145
90000,9,90,900
70000,7,70,700
147825,1,14,147
100000,1,10,100
68985,6,68,689
267000,2,26,267
180000,1,18,180
170000,1,17,170
87600,8,87,876
100000,1,10,100
94333,9,94,943
134640,1,13,134
52560,5,52,525
300000,3,30,300
71563,7,71,715
65700,6,65,657
60000,6,60,600
180000,1,18,180
65000,6,65,650
54000,5,54,540
400000,4,40,400
125000,1,12,125
100000,1,10,100
100000,1,10,100
190000,1,19,190
70000,7,70,700
201560,2,20,201
100000,1,10,100
47084,4,47,470
117000,1,11,117
195000,1,19,195
80000,8,80,800
100000,1,10,100
167000,1,16,167
100000,1,10,100
76500,7,76,765
42000,4,42,420
290000,2,29,290
200000,2,20,200
52560,5,52,525
101835,1,10,101
90558,9,90,905
100000,1,10,100
94500,9,94,945
75846,7,75,758
256000,2,25,256
124000,1,12,124
64000,6,64,640
130000,1,13,130
152000,1,15,152
111690,1,11,111
113880,1,11,113
66083,6,66,660
88000,8,88,880
100000,1,10,100
47000,4,47,470
98550,9,98,985
131392,1,13,131
110250,1,11,110
415000,4,41,415
45000,4,45,450
98587,9,98,985
135000,1,13,135
52000,5,52,520
180000,1,18,180
260000,2,26,260
75000,7,75,750
175000,1,17,175
66000,6,66,660
100000,1,10,100
70000,7,70,700
37000,3,37,370
250000,2,25,250
114975,1,11,114
65000,6,65,650
38000,3,38,380
146112,1,14,146
88500,8,88,885
95000,9,95,950
55000,5,55,550
100000,1,10,100
80000,8,80,800
85410,8,85,854
156750,1,15,156
115000,1,11,115
120000,1,12,120
280000,2,28,280
100000,1,10,100
16425,1,16,164
50000,5,50,500
100000,1,10,100
900000,9,90,900
100000,1,10,100
32500,3,32,325
125000,1,12,125
109500,1,10,109
90000,9,90,900
1500000,1,15,150
147825,1,14,147
120000,1,12,120
200000,2,20,200
120000,1,12,120
82125,8,82,821
60000,6,60,600
341000,3,34,341
117248,1,11,117
76125,7,76,761
150000,1,15,150
250000,2,25,250
350000,3,35,350
65000,6,65,650
175200,1,17,175
121300,1,12,121
80000,8,80,800
70000,7,70,700
61320,6,61,613
30000,3,30,300
65700,6,65,657
115000,1,11,115
200000,2,20,200
50000,5,50,500
190000,1,19,190
140096,1,14,140
195000,1,19,195
100000,1,10,100
123735,1,12,123
230000,2,23,230
65000,6,65,650
50000,5,50,500
50000,5,50,500
75000,7,75,750
85000,8,85,850
74722,7,74,747
109500,1,10,109
82000,8,82,820
147825,1,14,147
91000,9,91,910
55000,5,55,550
47000,4,47,470
66560,6,66,665
19000,1,19,190
180000,1,18,180
150000,1,15,150
120000,1,12,120
62000,6,62,620
50000,5,50,500
36000,3,36,360
68549,6,68,685
100000,1,10,100
82000,8,82,820
80000,8,80,800
250390,2,25,250
75000,7,75,750
180000,1,18,180
80000,8,80,800
120000,1,12,120
136000,1,13,136
105000,1,10,105
125500,1,12,125
100000,1,10,100
600000,6,60,600
261984,2,26,261
248000,2,24,248
100000,1,10,100
27613,2,27,276
45000,4,45,450
365000,3,36,365
19300,1,19,193
250000,2,25,250
275000,2,27,275
100000,1,10,100
128679,1,12,128
650000,6,65,650
40000,4,40,400
95000,9,95,950
82125,8,82,821
75655,7,75,756
100000,1,10,100
166400,1,16,166
76208,7,76,762
111110,1,11,111
55000,5,55,550
20000,2,20,200
45000,4,45,450
76650,7,76,766
90000,9,90,900
22000,2,22,220
115000,1,11,115
160000,1,16,160
100000,1,10,100
10000,1,10,100
55000,5,55,550
92023,9,92,920
170820,1,17,170
109500,1,10,109
83000,8,83,830
226784,2,22,226
120000,1,12,120
350000,3,35,350
150000,1,15,150
61000,6,61,610
110000,1,11,110
31000,3,31,310
50500,5,50,505
250000,2,25,250
100000,1,10,100
125000,1,12,125
102603,1,10,102
169725,1,16,169
95000,9,95,950
50000,5,50,500
51465,5,51,514
132495,1,13,132
60000,6,60,600
150000,1,15,150
186250,1,18,186
85000,8,85,850
150000,1,15,150
75555,7,75,755
100000,1,10,100
400000,4,40,400
144540,1,14,144
175416,1,17,175
58000,5,58,580
120000,1,12,120
267000,2,26,267
280000,2,28,280
100000,1,10,100
30000,3,30,300
143105,1,14,143
160000,1,16,160
250000,2,25,250
70000,7,70,700
132958,1,13,132
90000,9,90,900
251850,2,25,251
75000,7,75,750
150000,1,15,150
95980,9,95,959
136000,1,13,136
37000,3,37,370
100000,1,10,100
100000,1,10,100
136000,1,13,136
90000,9,90,900
77505,7,77,775
67410,6,67,674
280000,2,28,280
37837,3,37,378
55000,5,55,550
60000,6,60,600
111238,1,11,111
200000,2,20,200
79746,7,79,797
85000,8,85,850
95000,9,95,950
162000,1,16,162
60468,6,60,604
1304824,1,13,130
100000,1,10,100
225000,2,22,225
200000,2,20,200
109500,1,10,109
160000,1,16,160
150000,1,15,150
120000,1,12,120
150000,1,15,150
110000,1,11,110
238277,2,23,238
75000,7,75,750
76688,7,76,766
130000,1,13,130
63051,6,63,630
100000,1,10,100
63000,6,63,630
140000,1,14,140
64000,6,64,640
384216,3,38,384
62979,6,62,629
71175,7,71,711
105725,1,10,105
87000,8,87,870
58760,5,58,587
175000,1,17,175
480000,4,48,480
61000,6,61,610
26000,2,26,260
104025,1,10,104
168335,1,16,168
20000,2,20,200
100000,1,10,100
112000,1,11,112
275000,2,27,275
90000,9,90,900
320000,3,32,320
92100,9,92,921
108133,1,10,108
316150,3,31,316
109000,1,10,109
180000,1,18,180
50000,5,50,500
80000,8,80,800
67570,6,67,675
120000,1,12,120
82125,8,82,821
145000,1,14,145
35000,3,35,350
82125,8,82,821
30000,3,30,300
120000,1,12,120
164250,1,16,164
160000,1,16,160
260335,2,26,260
250000,2,25,250
150000,1,15,150
41610,4,41,416
190000,1,19,190
91324,9,91,913
300000,3,30,300
173968,1,17,173
120000,1,12,120
40000,4,40,400
75962,7,75,759
77000,7,77,770
130000,1,13,130
80000,8,80,800
75000,7,75,750
40000,4,40,400
118000,1,11,118
100000,1,10,100
140000,1,14,140
30000,3,30,300
250000,2,25,250
30000,3,30,300
100000,1,10,100
93075,9,93,930
62488,6,62,624
65000,6,65,650
60000,6,60,600
80000,8,80,800
150000,1,15,150
117165,1,11,117
109341,1,10,109
37500,3,37,375
75000,7,75,750
132980,1,13,132
94681,9,94,946
22000,2,22,220
91000,9,91,910
66000,6,66,660
164250,1,16,164
130260,1,13,130
130000,1,13,130
91104,9,91,911
350000,3,35,350
170000,1,17,170
250000,2,25,250
200000,2,20,200
50000,5,50,500
180000,1,18,180
26736,2,26,267
37817,3,37,378
49775,4,49,497
60000,6,60,600
40000,4,40,400
34000,3,34,340
96745,9,96,967
60000,6,60,600
115000,1,11,115
60000,6,60,600
137500,1,13,137
135000,1,13,135
80870,8,80,808
150000,1,15,150
43217,4,43,432
310000,3,31,310
100000,1,10,100
102716,1,10,102
120000,1,12,120
70000,7,70,700
60114,6,60,601
47000,4,47,470
106695,1,10,106
45000,4,45,450
30000,3,30,300
165000,1,16,165
85000,8,85,850
300000,3,30,300
150000,1,15,150
69096,6,69,690
260000,2,26,260
150000,1,15,150
100000,1,10,100
80000,8,80,800
55590,5,55,555
80000,8,80,800
150000,1,15,150
198000,1,19,198
90000,9,90,900
200000,2,20,200
1000000,1,10,100
104461,1,10,104
62634,6,62,626
100000,1,10,100
236000,2,23,236
95000,9,95,950
71000,7,71,710
180000,1,18,180
87600,8,87,876
114407,1,11,114
66560,6,66,665
168500,1,16,168
100000,1,10,100
65000,6,65,650
50000,5,50,500
115000,1,11,115
66000,6,66,660
80000,8,80,800
30000,3,30,300
100000,1,10,100
160000,1,16,160
122860,1,12,122
300000,3,30,300
169747,1,16,169
24000,2,24,240
56940,5,56,569
220000,2,22,220
85000,8,85,850
100000,1,10,100
150000,1,15,150
87053,8,87,870
100000,1,10,100
90000,9,90,900
100000,1,10,100
60000,6,60,600
36000,3,36,360
171000,1,17,171
74400,7,74,744
1000000,1,10,100
162060,1,16,162
60225,6,60,602
42500,4,42,425
156000,1,15,156
50000,5,50,500
38000,3,38,380
52000,5,52,520
76650,7,76,766
197000,1,19,197
37828,3,37,378
62400,6,62,624
35000,3,35,350
180000,1,18,180
400000,4,40,400
250000,2,25,250
100000,1,10,100
95000,9,95,950
240000,2,24,240
120000,1,12,120
120000,1,12,120
169725,1,16,169
20000,2,20,200
80000,8,80,800
40000,4,40,400
55000,5,55,550
390270,3,39,390
30000,3,30,300
250000,2,25,250
67264,6,67,672
150000,1,15,150
101500,1,10,101
125000,1,12,125
175000,1,17,175
103366,1,10,103
60000,6,60,600
86505,8,86,865
230000,2,23,230
60000,6,60,600
100000,1,10,100
111000,1,11,111
64425,6,64,644
120000,1,12,120
80000,8,80,800
120000,1,12,120
280748,2,28,280
278340,2,27,278
60000,6,60,600
29000,2,29,290
65700,6,65,657
93952,9,93,939
55000,5,55,550
63510,6,63,635
115360,1,11,115
79000,7,79,790
50000,5,50,500
90000,9,90,900
71175,7,71,711
98000,9,98,980
85600,8,85,856
31100,3,31,311
104025,1,10,104
600000,6,60,600
32000,3,32,320
188340,1,18,188
85000,8,85,850
100000,1,10,100
164250,1,16,164
90000,9,90,900
110000,1,11,110
130000,1,13,130
249000,2,24,249
182400,1,18,182
150000,1,15,150
100000,1,10,100
107724,1,10,107
213933,2,21,213
155000,1,15,155
100000,1,10,100
180000,1,18,180
40000,4,40,400
40000,4,40,400
54448,5,54,544
67200,6,67,672
35968,3,35,359
147825,1,14,147
150000,1,15,150
91404,9,91,914
30000,3,30,300
113000,1,11,113
100000,1,10,100
120450,1,12,120
212625,2,21,212
76650,7,76,766
106000,1,10,106
90000,9,90,900
100000,1,10,100
430000,4,43,430
123000,1,12,123
130000,1,13,130
85410,8,85,854
438000,4,43,438
30000,3,30,300
100000,1,10,100
60000,6,60,600
280000,2,28,280
90000,9,90,900
88695,8,88,886
85000,8,85,850
275000,2,27,275
84600,8,84,846
120450,1,12,120
231500,2,23,231
48500,4,48,485
150000,1,15,150
382000,3,38,382
105000,1,10,105
131400,1,13,131
150000,1,15,150
30000,3,30,300
40600,4,40,406
170000,1,17,170
230000,2,23,230
108000,1,10,108
293873,2,29,293
200000,2,20,200
103000,1,10,103
65700,6,65,657
100000,1,10,100
200000,2,20,200
250000,2,25,250
208080,2,20,208
100000,1,10,100
57000,5,57,570
335650,3,33,335
120000,1,12,120
268280,2,26,268
130000,1,13,130
4800,4,48,480
88695,8,88,886
85475,8,85,854
100000,1,10,100
65000,6,65,650
84000,8,84,840
59255,5,59,592
200000,2,20,200
62000,6,62,620
150000,1,15,150
146875,1,14,146
240000,2,24,240
81000,8,81,810
82500,8,82,825
330000,3,33,330
100000,1,10,100
60000,6,60,600
400000,4,40,400
76650,7,76,766
5000,5,50,500
320000,3,32,320
93350,9,93,933
128277,1,12,128
88000,8,88,880
58500,5,58,585
110000,1,11,110
10000,1,10,100
78840,7,78,788
158200,1,15,158
700000,7,70,700
98550,9,98,985
30000,3,30,300
153000,1,15,153
153343,1,15,153
234000,2,23,234
85388,8,85,853
61500,6,61,615
87600,8,87,876
72000,7,72,720
100000,1,10,100
120000,1,12,120
191625,1,19,191
68500,6,68,685
100000,1,10,100
85000,8,85,850
55000,5,55,550
150000,1,15,150
76869,7,76,768
80000,8,80,800
67000,6,67,670
10000,1,10,100
70000,7,70,700
100000,1,10,100
82125,8,82,821
80000,8,80,800
142350,1,14,142
120450,1,12,120
40000,4,40,400
68500,6,68,685
123000,1,12,123
93500,9,93,935
100000,1,10,100
200000,2,20,200
290000,2,29,290
10000,1,10,100
132865,1,13,132
100000,1,10,100
142000,1,14,142
80000,8,80,800
80000,8,80,800
28000,2,28,280
60159,6,60,601
142350,1,14,142
131400,1,13,131
73000,7,73,730
100000,1,10,100
131400,1,13,131
206200,2,20,206
75000,7,75,750
90000,9,90,900
109500,1,10,109
140000,1,14,140
90000,9,90,900
200000,2,20,200
20000,2,20,200
85000,8,85,850
30000,3,30,300
75000,7,75,750
167240,1,16,167
100000,1,10,100
75000,7,75,750
38220,3,38,382
229950,2,22,229
100000,1,10,100
30000,3,30,300
110000,1,11,110
100000,1,10,100
100000,1,10,100
65000,6,65,650
65000,6,65,650
251142,2,25,251
122000,1,12,122
104025,1,10,104
220000,2,22,220
100000,1,10,100
550000,5,55,550
98655,9,98,986
200000,2,20,200
93000,9,93,930
134912,1,13,134
95000,9,95,950
10000,1,10,100
87600,8,87,876
100000,1,10,100
100000,1,10,100
100000,1,10,100
75000,7,75,750
47600,4,47,476
33000,3,33,330
125000,1,12,125
56993,5,56,569
107000,1,10,107
100000,1,10,100
144000,1,14,144
109008,1,10,109
180000,1,18,180
162807,1,16,162
100000,1,10,100
76650,7,76,766
100000,1,10,100
120000,1,12,120
81942,8,81,819
30000,3,30,300
41000,4,41,410
400000,4,40,400
200000,2,20,200
180000,1,18,180
71175,7,71,711
160000,1,16,160
120450,1,12,120
120000,1,12,120
100000,1,10,100
100000,1,10,100
157600,1,15,157
150000,1,15,150
91000,9,91,910
65000,6,65,650
121480,1,12,121
62000,6,62,620
173332,1,17,173
200000,2,20,200
100000,1,10,100
126000,1,12,126
150000,1,15,150
158200,1,15,158
163847,1,16,163
246997,2,24,246
67890,6,67,678
90000,9,90,900
89000,8,89,890
209800,2,20,209
200000,2,20,200
195606,1,19,195
57000,5,57,570
95300,9,95,953
60000,6,60,600
66000,6,66,660
131400,1,13,131
250000,2,25,250
40000,4,40,400
48000,4,48,480
52000,5,52,520
109500,1,10,109
100000,1,10,100
80000,8,80,800
93000,9,93,930
110000,1,11,110
125925,1,12,125
100000,1,10,100
110000,1,11,110
39777,3,39,397
319740,3,31,319
55000,5,55,550
110595,1,11,110
107310,1,10,107
154000,1,15,154
126000,1,12,126
63000,6,63,630
274000,2,27,274
50000,5,50,500
77050,7,77,770
100000,1,10,100
72000,7,72,720
55000,5,55,550
40000,4,40,400
150000,1,15,150
102000,1,10,102
63510,6,63,635
70080,7,70,700
50000,5,50,500
67500,6,67,675
110000,1,11,110
75000,7,75,750
157680,1,15,157
70000,7,70,700
31000,3,31,310
56000,5,56,560
120000,1,12,120
80000,8,80,800
75000,7,75,750
75000,7,75,750
181930,1,18,181
87600,8,87,876
128000,1,12,128
102930,1,10,102
103000,1,10,103
120000,1,12,120
100000,1,10,100
87600,8,87,876
71000,7,71,710
100272,1,10,100
164250,1,16,164
114500,1,11,114
185000,1,18,185
95000,9,95,950
130000,1,13,130
257325,2,25,257
50000,5,50,500
100000,1,10,100
133328,1,13,133
450000,4,45,450
70000,7,70,700
190000,1,19,190
120000,1,12,120
250000,2,25,250
87600,8,87,876
77000,7,77,770
60000,6,60,600
100000,1,10,100
45000,4,45,450
40000,4,40,400
40000,4,40,400
50000,5,50,500
142350,1,14,142
103000,1,10,103
50000,5,50,500
150000,1,15,150
225000,2,22,225
75000,7,75,750
146121,1,14,146
87870,8,87,878
160000,1,16,160
129613,1,12,129
325000,3,32,325
40000,4,40,400
169500,1,16,169
440000,4,44,440
270000,2,27,270
143112,1,14,143
105629,1,10,105
150015,1,15,150
60000,6,60,600
70000,7,70,700
60000,6,60,600
191734,1,19,191
50000,5,50,500
1500000,1,15,150
30000,3,30,300
60000,6,60,600
80160,8,80,801
150000,1,15,150
100000,1,10,100
80000,8,80,800
304307,3,30,304
167000,1,16,167
42750,4,42,427
10000,1,10,100
120000,1,12,120
215000,2,21,215
147702,1,14,147
56000,5,56,560
18000,1,18,180
136500,1,13,136
65700,6,65,657
60700,6,60,607
75000,7,75,750
150000,1,15,150
165000,1,16,165
92527,9,92,925
48000,4,48,480
82125,8,82,821
208050,2,20,208
140000,1,14,140
161889,1,16,161
73000,7,73,730
86040,8,86,860
149940,1,14,149
180000,1,18,180
100000,1,10,100
120000,1,12,120
30000,3,30,300
82125,8,82,821
45000,4,45,450
63000,6,63,630
100000,1,10,100
85410,8,85,854
93075,9,93,930
40000,4,40,400
57000,5,57,570
35000,3,35,350
60000,6,60,600
70000,7,70,700
200000,2,20,200
96000,9,96,960
200000,2,20,200
196347,1,19,196
158000,1,15,158
240000,2,24,240
50000,5,50,500
400000,4,40,400
99690,9,99,996
79278,7,79,792
79000,7,79,790
65700,6,65,657
92000,9,92,920
55000,5,55,550
50000,5,50,500
35500,3,35,355
250000,2,25,250
85000,8,85,850
57000,5,57,570
100000,1,10,100
175000,1,17,175
100000,1,10,100
105000,1,10,105
73000,7,73,730
120000,1,12,120
420000,4,42,420
100000,1,10,100
170000,1,17,170
81003,8,81,810
100000,1,10,100
82434,8,82,824
107260,1,10,107
34000,3,34,340
100000,1,10,100
80000,8,80,800
75000,7,75,750
131400,1,13,131
575000,5,57,575
140000,1,14,140
95000,9,95,950
150000,1,15,150
83000,8,83,830
260000,2,26,260
30000,3,30,300
50000,5,50,500
40000,4,40,400
80000,8,80,800
87500,8,87,875
70000,7,70,700
70000,7,70,700
118000,1,11,118
100000,1,10,100
199950,1,19,199
65700,6,65,657
150000,1,15,150
150000,1,15,150
1500000,1,15,150
87600,8,87,876
355500,3,35,355
190000,1,19,190
120000,1,12,120
25000,2,25,250
50000,5,50,500
100000,1,10,100
72000,7,72,720
100000,1,10,100
100000,1,10,100
62415,6,62,624
544482,5,54,544
88000,8,88,880
50000,5,50,500
200000,2,20,200
84315,8,84,843
75555,7,75,755
107000,1,10,107
84315,8,84,843
157000,1,15,157
200000,2,20,200
140000,1,14,140
54750,5,54,547
100000,1,10,100
100000,1,10,100
168000,1,16,168
89800,8,89,898
45000,4,45,450
5000,5,50,500
56264,5,56,562
217281,2,21,217
50000,5,50,500
100000,1,10,100
55408,5,55,554
10000,1,10,100
35000,3,35,350
155370,1,15,155
175000,1,17,175
100000,1,10,100
90000,9,90,900
100000,1,10,100
180400,1,18,180
62000,6,62,620
150000,1,15,150
157000,1,15,157
240000,2,24,240
100000,1,10,100
150000,1,15,150
75000,7,75,750
100740,1,10,100
157000,1,15,157
40000,4,40,400
43800,4,43,438
85000,8,85,850
98056,9,98,980
155613,1,15,155
109600,1,10,109
250000,2,25,250
70000,7,70,700
200000,2,20,200
145000,1,14,145
30000,3,30,300
750000,7,75,750
20000,2,20,200
247100,2,24,247
273750,2,27,273
62000,6,62,620
200000,2,20,200
87000,8,87,870
154000,1,15,154
200000,2,20,200
150015,1,15,150
50000,5,50,500
10000,1,10,100
60000,6,60,600
170000,1,17,170
70000,7,70,700
100000,1,10,100
185000,1,18,185
225000,2,22,225
20000,2,20,200
10000,1,10,100
40000,4,40,400
125000,1,12,125
44096,4,44,440
85475,8,85,854
25000,2,25,250
100000,1,10,100
60000,6,60,600
95662,9,95,956
93072,9,93,930
114115,1,11,114
315000,3,31,315
127966,1,12,127
109500,1,10,109
82125,8,82,821
29168,2,29,291
30000,3,30,300
70000,7,70,700
164250,1,16,164
115000,1,11,115
125500,1,12,125
55000,5,55,550
40000,4,40,400
110475,1,11,110
110000,1,11,110
290633,2,29,290
140000,1,14,140
100000,1,10,100
165718,1,16,165
175000,1,17,175
180000,1,18,180
25000,2,25,250
150000,1,15,150
46787,4,46,467
59130,5,59,591
30844,3,30,308
100000,1,10,100
97664,9,97,976
100000,1,10,100
38325,3,38,383
90000,9,90,900
160000,1,16,160
37232,3,37,372
143445,1,14,143
77000,7,77,770
106935,1,10,106
100000,1,10,100
110000,1,11,110
416000,4,41,416
300000,3,30,300
195000,1,19,195
250000,2,25,250
100000,1,10,100
15000,1,15,150
147506,1,14,147
87600,8,87,876
100000,1,10,100
73520,7,73,735
45000,4,45,450
53000,5,53,530
62000,6,62,620
180000,1,18,180
220000,2,22,220
76650,7,76,766
180000,1,18,180
142000,1,14,142
50000,5,50,500
74000,7,74,740
98666,9,98,986
109500,1,10,109
165000,1,16,165
300000,3,30,300
850000,8,85,850
67890,6,67,678
58000,5,58,580
130000,1,13,130
340000,3,34,340
75000,7,75,750
75870,7,75,758
700000,7,70,700
60000,6,60,600
100000,1,10,100
150105,1,15,150
104025,1,10,104
100000,1,10,100
100000,1,10,100
75000,7,75,750
375640,3,37,375
114000,1,11,114
35000,3,35,350
45000,4,45,450
85000,8,85,850
47000,4,47,470
380000,3,38,380
147000,1,14,147
52000,5,52,520
52685,5,52,526
114000,1,11,114
150000,1,15,150
60000,6,60,600
60225,6,60,602
1000000,1,10,100
100000,1,10,100
100000,1,10,100
131400,1,13,131
138590,1,13,138
74620,7,74,746
120000,1,12,120
104000,1,10,104
135000,1,13,135
76500,7,76,765
65870,6,65,658
105668,1,10,105
52000,5,52,520
45990,4,45,459
200000,2,20,200
176000,1,17,176
65000,6,65,650
140000,1,14,140
55000,5,55,550
146119,1,14,146
180000,1,18,180
55000,5,55,550
151500,1,15,151
136875,1,13,136
120000,1,12,120
93503,9,93,935
87000,8,87,870
106750,1,10,106
120000,1,12,120
80000,8,80,800
100000,1,10,100
400000,4,40,400
56940,5,56,569
145264,1,14,145
100000,1,10,100
100000,1,10,100
21000,2,21,210
191625,1,19,191
100000,1,10,100
100000,1,10,100
130000,1,13,130
6000,6,60,600
20000,2,20,200
125000,1,12,125
145000,1,14,145
109500,1,10,109
65700,6,65,657
106000,1,10,106
40515,4,40,405
70000,7,70,700
65000,6,65,650
55000,5,55,550
261616,2,26,261
30000,3,30,300
45000,4,45,450
86672,8,86,866
146119,1,14,146
10000,1,10,100
150000,1,15,150
60550,6,60,605
197100,1,19,197
100000,1,10,100
118000,1,11,118
100000,1,10,100
30000,3,30,300
157000,1,15,157
50000,5,50,500
367650,3,36,367
150000,1,15,150
180000,1,18,180
131400,1,13,131
58000,5,58,580
45000,4,45,450
35000,3,35,350
78600,7,78,786
165000,1,16,165
100000,1,10,100
120000,1,12,120
100000,1,10,100
45000,4,45,450
119000,1,11,119
130000,1,13,130
130000,1,13,130
103000,1,10,103
71175,7,71,711
124000,1,12,124
168500,1,16,168
94000,9,94,940
50000,5,50,500
100000,1,10,100
194000,1,19,194
100000,1,10,100
60000,6,60,600
80000,8,80,800
50000,5,50,500
100000,1,10,100
250000,2,25,250
82125,8,82,821
78000,7,78,780
36500,3,36,365
153300,1,15,153
90000,9,90,900
220800,2,22,220
101835,1,10,101
79209,7,79,792
160000,1,16,160
50000,5,50,500
67890,6,67,678
84000,8,84,840
210000,2,21,210
44000,4,44,440
103000,1,10,103
100000,1,10,100
125000,1,12,125
30000,3,30,300
10000,1,10,100
65000,6,65,650
93075,9,93,930
200000,2,20,200
145000,1,14,145
165000,1,16,165
190000,1,19,190
190000,1,19,190
102492,1,10,102
60000,6,60,600
250000,2,25,250
82500,8,82,825
40000,4,40,400
75000,7,75,750
107312,1,10,107
62415,6,62,624
131400,1,13,131
40000,4,40,400
131400,1,13,131
100000,1,10,100
100000,1,10,100
90000,9,90,900
187950,1,18,187
219000,2,21,219
250000,2,25,250
100000,1,10,100
23000,2,23,230
140000,1,14,140
141000,1,14,141
128000,1,12,128
85000,8,85,850
80000,8,80,800
40000,4,40,400
150000,1,15,150
323350,3,32,323
60000,6,60,600
110000,1,11,110
10000,1,10,100
87600,8,87,876
80000,8,80,800
52560,5,52,525
50131,5,50,501
40000,4,40,400
55240,5,55,552
113500,1,11,113
160000,1,16,160
240000,2,24,240
115000,1,11,115
121400,1,12,121
10000,1,10,100
180000,1,18,180
94182,9,94,941
104000,1,10,104
30000,3,30,300
550000,5,55,550
188340,1,18,188
240000,2,24,240
100000,1,10,100
256000,2,25,256
120000,1,12,120
33000,3,33,330
30000,3,30,300
49275,4,49,492
145700,1,14,145
95265,9,95,952
50000,5,50,500
100000,1,10,100
99500,9,99,995
160000,1,16,160
120000,1,12,120
105000,1,10,105
800000,8,80,800
100000,1,10,100
100000,1,10,100
65700,6,65,657
410000,4,41,410
59000,5,59,590
157500,1,15,157
59718,5,59,597
109500,1,10,109
73120,7,73,731
30000,3,30,300
100000,1,10,100
40000,4,40,400
50000,5,50,500
128700,1,12,128
68175,6,68,681
26788,2,26,267
110000,1,11,110
131400,1,13,131
208050,2,20,208
150000,1,15,150
60000,6,60,600
145000,1,14,145
364600,3,36,364
170000,1,17,170
175200,1,17,175
68500,6,68,685
32850,3,32,328
100000,1,10,100
100000,1,10,100
100000,1,10,100
74460,7,74,744
104520,1,10,104
100000,1,10,100
52000,5,52,520
30000,3,30,300
200000,2,20,200
78577,7,78,785
62000,6,62,620
70000,7,70,700
209630,2,20,209
66000,6,66,660
115000,1,11,115
59933,5,59,599
100000,1,10,100
141527,1,14,141
70080,7,70,700
65700,6,65,657
80000,8,80,800
40000,4,40,400
105000,1,10,105
160000,1,16,160
76000,7,76,760
20000,2,20,200
94998,9,94,949
100000,1,10,100
128000,1,12,128
10000,1,10,100
79741,7,79,797
600000,6,60,600
46624,4,46,466
160000,1,16,160
78840,7,78,788
142350,1,14,142
95000,9,95,950
80000,8,80,800
450000,4,45,450
318000,3,31,318
250000,2,25,250
137751,1,13,137
65000,6,65,650
89790,8,89,897
99000,9,99,990
58123,5,58,581
72796,7,72,727
104155,1,10,104
150000,1,15,150
60000,6,60,600
100000,1,10,100
120000,1,12,120
30000,3,30,300
433000,4,43,433
72270,7,72,722
250000,2,25,250
99000,9,99,990
60000,6,60,600
156817,1,15,156
147000,1,14,147
350000,3,35,350
100000,1,10,100
110000,1,11,110
160000,1,16,160
220000,2,22,220
26000,2,26,260
30000,3,30,300
250000,2,25,250
120000,1,12,120
224000,2,22,224
180000,1,18,180
224000,2,22,224
107310,1,10,107
74000,7,74,740
45000,4,45,450
165000,1,16,165
87600,8,87,876
150000,1,15,150
65000,6,65,650
91000,9,91,910
50000,5,50,500
64282,6,64,642
40001,4,40,400
50000,5,50,500
100000,1,10,100
250000,2,25,250
80000,8,80,800
100000,1,10,100
80000,8,80,800
100000,1,10,100
255462,2,25,255
110488,1,11,110
